"Data Source","World Development Indicators",

"Last Updated Date","2021-07-30",

"Country Name","Country Code","Indicator Name","Indicator Code","1960","1961","1962","1963","1964","1965","1966","1967","1968","1969","1970","1971","1972","1973","1974","1975","1976","1977","1978","1979","1980","1981","1982","1983","1984","1985","1986","1987","1988","1989","1990","1991","1992","1993","1994","1995","1996","1997","1998","1999","2000","2001","2002","2003","2004","2005","2006","2007","2008","2009","2010","2011","2012","2013","2014","2015","2016","2017","2018","2019","2020",
"Aruba","ABW","Suicide mortality rate (per 100,000 population)","SH.STA.SUIC.P5","","","","","","","","","","","","","","","","","","","","","","","","","","","","","","","","","","","","","","","","","","","","","","","","","","","","","","","","","","","","","",
"Africa Eastern and Southern","AFE","Suicide mortality rate (per 100,000 population)","SH.STA.SUIC.P5","","","","","","","","","","","","","","","","","","","","","","","","","","","","","","","","","","","","","","","","","10.8817220324487","10.5125510023473","10.3734339851292","10.2298787973089","10.0082016280098","9.86433920324968","9.70290912755848","9.66493051816377","9.89384904256576","9.85288289304622","9.46778022053112","9.06369754803709","8.85979030525381","8.74941380256847","8.56586940315826","8.47956519380182","8.32465933832411","8.24406169639093","8.12888431481776","8.03629338807931","",
"Afghanistan","AFG","Suicide mortality rate (per 100,000 population)","SH.STA.SUIC.P5","","","","","","","","","","","","","","","","","","","","","","","","","","","","","","","","","","","","","","","","","4.9","5","5","5","5","5","4.9","4.8","4.6","4.4","4.3","4.1","4","4","3.9","4","4","4.1","4.1","4.1","",
"Africa Western and Central","AFW","Suicide mortality rate (per 100,000 population)","SH.STA.SUIC.P5","","","","","","","","","","","","","","","","","","","","","","","","","","","","","","","","","","","","","","","","","6.80357120756122","6.71954487006623","6.61160892211848","6.59923837372452","6.56257642555317","6.56831355306242","6.57337693367305","6.56171142686335","6.44344698546741","6.44392598771953","6.41858139765653","6.39109562820828","6.30117554600631","6.20068642951385","5.99800314712604","5.76856597656181","5.67270095712388","5.5581445398922","5.42982105406161","5.40949890228626","",
"Angola","AGO","Suicide mortality rate (per 100,000 population)","SH.STA.SUIC.P5","","","","","","","","","","","","","","","","","","","","","","","","","","","","","","","","","","","","","","","","","8.7","8.6","8.6","8.8","8.6","8.1","8.6","7.4","7.5","6.7","7","6.6","6.9","6.9","6.4","6.5","6.2","6","6","6.1","",
"Albania","ALB","Suicide mortality rate (per 100,000 population)","SH.STA.SUIC.P5","","","","","","","","","","","","","","","","","","","","","","","","","","","","","","","","","","","","","","","","","4.9","4.5","4.6","4.8","4.8","7.5","7.8","8.1","8.2","8.1","7.8","7.9","5.2","5.3","5","4.8","4.7","4.7","4.5","4.3","",
"Andorra","AND","Suicide mortality rate (per 100,000 population)","SH.STA.SUIC.P5","","","","","","","","","","","","","","","","","","","","","","","","","","","","","","","","","","","","","","","","","","","","","","","","","","","","","","","","","","","","","",
"Arab World","ARB","Suicide mortality rate (per 100,000 population)","SH.STA.SUIC.P5","","","","","","","","","","","","","","","","","","","","","","","","","","","","","","","","","","","","","","","","","4.5882546272629","4.59848859651516","4.54687451358257","4.49688552817184","4.44768599301794","4.44466148030175","4.41544484606833","4.42781654664979","4.46584935215775","4.47498835685814","4.50705755204066","4.57328965207767","4.58472285828948","4.50249072460294","4.44116570993517","4.33351647699615","4.25802950958722","4.17946185166376","4.21268374781295","4.18032530134748","",
"United Arab Emirates","ARE","Suicide mortality rate (per 100,000 population)","SH.STA.SUIC.P5","","","","","","","","","","","","","","","","","","","","","","","","","","","","","","","","","","","","","","","","","8.6","8.6","8","7.5","7.7","7.9","8.3","8.3","8.5","8.5","8.4","8.2","7.9","7.5","7","6.5","6","5.6","6","6.4","",
"Argentina","ARG","Suicide mortality rate (per 100,000 population)","SH.STA.SUIC.P5","","","","","","","","","","","","","","","","","","","","","","","","","","","","","","","","","","","","","","","","","9.1","10.3","10.2","9.7","8.7","8.6","8.6","8.3","8.7","8.4","8.6","8.5","9.1","8.6","9.3","8.3","8.3","8.9","9.2","8.4","",
"Armenia","ARM","Suicide mortality rate (per 100,000 population)","SH.STA.SUIC.P5","","","","","","","","","","","","","","","","","","","","","","","","","","","","","","","","","","","","","","","","","3.4","3.1","3.5","2.6","4","4.2","5.9","5.8","4.8","4.8","6.8","6.8","7.4","6.4","6.3","6.2","5.7","3","2.1","3.3","",
"American Samoa","ASM","Suicide mortality rate (per 100,000 population)","SH.STA.SUIC.P5","","","","","","","","","","","","","","","","","","","","","","","","","","","","","","","","","","","","","","","","","","","","","","","","","","","","","","","","","","","","","",
"Antigua and Barbuda","ATG","Suicide mortality rate (per 100,000 population)","SH.STA.SUIC.P5","","","","","","","","","","","","","","","","","","","","","","","","","","","","","","","","","","","","","","","","","1.9","1.9","1.3","1.3","1.7","1.3","0.5","0.4","0.3","0","0.2","0.2","0","0","0.4","0.4","0.5","0","0.4","0.4","",
"Australia","AUS","Suicide mortality rate (per 100,000 population)","SH.STA.SUIC.P5","","","","","","","","","","","","","","","","","","","","","","","","","","","","","","","","","","","","","","","","","12.7","12.2","11.3","10.5","10.3","11.2","10.6","10.9","11.6","11.2","11.7","11.2","11.7","11.5","12.7","13.2","12.2","13.1","12.4","12.5","",
"Austria","AUT","Suicide mortality rate (per 100,000 population)","SH.STA.SUIC.P5","","","","","","","","","","","","","","","","","","","","","","","","","","","","","","","","","","","","","","","","","19.9","18.6","19.3","18.2","17.5","17.2","16.4","16","15.8","16","16.1","16.5","16.3","16.2","16.5","16","15.5","15.4","15.7","14.6","",
"Azerbaijan","AZE","Suicide mortality rate (per 100,000 population)","SH.STA.SUIC.P5","","","","","","","","","","","","","","","","","","","","","","","","","","","","","","","","","","","","","","","","","3.1","3.4","3.6","3.8","4.3","4.5","4.7","4.9","4.7","4.6","4.6","4.5","4.4","4.3","4.2","4.1","4","4","4","4.1","",
"Burundi","BDI","Suicide mortality rate (per 100,000 population)","SH.STA.SUIC.P5","","","","","","","","","","","","","","","","","","","","","","","","","","","","","","","","","","","","","","","","","11.7","10.8","10.2","9.7","9.2","8.9","8.9","8.4","7.9","7.7","7.6","7.4","7.1","7","6.7","6.4","6.4","6.4","6.3","6.2","",
"Belgium","BEL","Suicide mortality rate (per 100,000 population)","SH.STA.SUIC.P5","","","","","","","","","","","","","","","","","","","","","","","","","","","","","","","","","","","","","","","","","22","22.3","20.9","21.5","20.2","20.7","20.2","18.7","20.3","20.6","20.5","21.1","20.8","19.5","19.4","18.6","19.3","18.9","18.7","18.3","",
"Benin","BEN","Suicide mortality rate (per 100,000 population)","SH.STA.SUIC.P5","","","","","","","","","","","","","","","","","","","","","","","","","","","","","","","","","","","","","","","","","8.8","8.8","8.8","8.8","8.8","8.7","8.6","8.5","8.2","8.5","8.4","8.5","8.3","8.3","8.2","8.1","8","8","7.9","7.8","",
"Burkina Faso","BFA","Suicide mortality rate (per 100,000 population)","SH.STA.SUIC.P5","","","","","","","","","","","","","","","","","","","","","","","","","","","","","","","","","","","","","","","","","8.6","8.2","8","7.9","8","8","8.1","8.1","8","8","8","7.9","8.3","8.3","8","8","7.8","7.7","7.6","7.5","",
"Bangladesh","BGD","Suicide mortality rate (per 100,000 population)","SH.STA.SUIC.P5","","","","","","","","","","","","","","","","","","","","","","","","","","","","","","","","","","","","","","","","","6","5.7","5.3","5.1","4.9","4.9","5","4.9","4.7","4.6","4.4","4","3.7","3.5","3.5","3.4","3.4","3.5","3.6","3.7","",
"Bulgaria","BGR","Suicide mortality rate (per 100,000 population)","SH.STA.SUIC.P5","","","","","","","","","","","","","","","","","","","","","","","","","","","","","","","","","","","","","","","","","18.2","17.5","17.5","15.1","14.2","13.3","13.4","12.5","13.2","12.3","12.4","11","12.5","10.5","10.4","9.8","9.7","10.3","9.7","9.7","",
"Bahrain","BHR","Suicide mortality rate (per 100,000 population)","SH.STA.SUIC.P5","","","","","","","","","","","","","","","","","","","","","","","","","","","","","","","","","","","","","","","","","6.6","8.8","9.2","10.2","10.2","10.3","8.2","9.6","9.2","8.6","8.2","7.9","7.4","7.1","7.4","7.4","7.7","8.1","8.6","8.9","",
"Bahamas, The","BHS","Suicide mortality rate (per 100,000 population)","SH.STA.SUIC.P5","","","","","","","","","","","","","","","","","","","","","","","","","","","","","","","","","","","","","","","","","2.3","2.5","2.3","2.4","3.2","3","3.5","3.2","3.3","3.3","3.6","3.7","3.5","3.1","3.3","3.5","3.6","3.4","3.5","3.5","",
"Bosnia and Herzegovina","BIH","Suicide mortality rate (per 100,000 population)","SH.STA.SUIC.P5","","","","","","","","","","","","","","","","","","","","","","","","","","","","","","","","","","","","","","","","","9","9.4","9.8","9.9","10","10.8","10.7","11.5","10.8","10.7","10.5","10.6","10.4","10.6","10.6","10.7","10.5","10.5","10.8","10.9","",
"Belarus","BLR","Suicide mortality rate (per 100,000 population)","SH.STA.SUIC.P5","","","","","","","","","","","","","","","","","","","","","","","","","","","","","","","","","","","","","","","","","41.8","43.3","44.3","42.9","42.1","43.5","40.9","36.8","36.7","36.5","35.9","36.2","29.9","27.9","26.3","24.3","24.2","23.3","22.8","21.2","",
"Belize","BLZ","Suicide mortality rate (per 100,000 population)","SH.STA.SUIC.P5","","","","","","","","","","","","","","","","","","","","","","","","","","","","","","","","","","","","","","","","","7.4","6","6.1","6.3","6.9","5.4","5.6","5.2","4.4","6.2","6.9","6.8","6.3","5.9","6","6","5.8","7","6.5","7.1","",
"Bermuda","BMU","Suicide mortality rate (per 100,000 population)","SH.STA.SUIC.P5","","","","","","","","","","","","","","","","","","","","","","","","","","","","","","","","","","","","","","","","","","","","","","","","","","","","","","","","","","","","","",
"Bolivia","BOL","Suicide mortality rate (per 100,000 population)","SH.STA.SUIC.P5","","","","","","","","","","","","","","","","","","","","","","","","","","","","","","","","","","","","","","","","","6.9","6.6","6.6","6.4","6.3","6.3","5.9","6.1","6","6","6","6.1","6","6","6.2","6.4","6.6","6.4","6.3","6.2","",
"Brazil","BRA","Suicide mortality rate (per 100,000 population)","SH.STA.SUIC.P5","","","","","","","","","","","","","","","","","","","","","","","","","","","","","","","","","","","","","","","","","4","4.4","4.4","4.3","4.4","4.7","4.7","4.9","5.1","5.1","5","5.2","5.4","5.6","5.6","5.9","6","6.6","7","6.9","",
"Barbados","BRB","Suicide mortality rate (per 100,000 population)","SH.STA.SUIC.P5","","","","","","","","","","","","","","","","","","","","","","","","","","","","","","","","","","","","","","","","","2.6","1.6","0.3","1.2","1.4","2.9","1.6","1.5","1","1.5","1.6","1","0.5","0.3","0.6","0.6","0.6","0.6","0.6","0.6","",
"Brunei Darussalam","BRN","Suicide mortality rate (per 100,000 population)","SH.STA.SUIC.P5","","","","","","","","","","","","","","","","","","","","","","","","","","","","","","","","","","","","","","","","","1.9","1.3","1.6","1.6","1.9","2.2","2.9","2.6","2.1","1.8","1.3","1.9","2.1","1.8","1.8","1.9","2.6","3.3","3.1","2.7","",
"Bhutan","BTN","Suicide mortality rate (per 100,000 population)","SH.STA.SUIC.P5","","","","","","","","","","","","","","","","","","","","","","","","","","","","","","","","","","","","","","","","","4.8","4.9","4.7","4.6","4.5","4.5","4.5","4.4","4.3","4.3","4.2","4.3","4.3","4.4","4.4","4.5","4.5","4.6","4.6","4.6","",
"Botswana","BWA","Suicide mortality rate (per 100,000 population)","SH.STA.SUIC.P5","","","","","","","","","","","","","","","","","","","","","","","","","","","","","","","","","","","","","","","","","35.3","34.5","32.7","31.2","31.8","34","32","29.3","28.4","25.1","24.4","22.7","22.6","21.6","19.6","19","17.8","17.4","17.4","16.1","",
"Central African Republic","CAF","Suicide mortality rate (per 100,000 population)","SH.STA.SUIC.P5","","","","","","","","","","","","","","","","","","","","","","","","","","","","","","","","","","","","","","","","","19","17.7","17.4","16.4","15.7","15.1","15.7","15.4","15.1","16","15.8","15.4","14.7","14.9","15.6","14.4","13.7","14.3","12.8","12.3","",
"Canada","CAN","Suicide mortality rate (per 100,000 population)","SH.STA.SUIC.P5","","","","","","","","","","","","","","","","","","","","","","","","","","","","","","","","","","","","","","","","","11.9","12.2","11.9","12.4","11.7","12.2","11.2","11.5","11.5","12","12.1","11.3","11.8","12.1","12.7","13","11.9","13","12","11.8","",
"Central Europe and the Baltics","CEB","Suicide mortality rate (per 100,000 population)","SH.STA.SUIC.P5","","","","","","","","","","","","","","","","","","","","","","","","","","","","","","","","","","","","","","","","","19.6228115678928","18.959355848657","19.1672383175238","18.733040960592","18.433930179402","18.0394020445369","17.3411855404999","16.2963760017342","16.9838106884236","18.0384755193142","17.8168172731795","17.2739908584517","17.7223873005324","17.0162544049377","16.1696054460136","15.4089357736803","14.0390585426503","13.8153828460204","13.3503879612927","12.5212571972586","",
"Switzerland","CHE","Suicide mortality rate (per 100,000 population)","SH.STA.SUIC.P5","","","","","","","","","","","","","","","","","","","","","","","","","","","","","","","","","","","","","","","","","20.2","19.6","20.9","18.7","18.5","19","18.8","19.5","18.8","16","14.5","14.6","14.7","15.1","14.7","15","14.1","14.6","14.5","14.5","",
"Channel Islands","CHI","Suicide mortality rate (per 100,000 population)","SH.STA.SUIC.P5","","","","","","","","","","","","","","","","","","","","","","","","","","","","","","","","","","","","","","","","","","","","","","","","","","","","","","","","","","","","","",
"Chile","CHL","Suicide mortality rate (per 100,000 population)","SH.STA.SUIC.P5","","","","","","","","","","","","","","","","","","","","","","","","","","","","","","","","","","","","","","","","","10.3","10.3","9.6","9.7","10.1","9.7","10","11","12.2","12.7","11.6","11.7","10.5","9.8","9.9","10","10","9.3","8.8","9","",
"China","CHN","Suicide mortality rate (per 100,000 population)","SH.STA.SUIC.P5","","","","","","","","","","","","","","","","","","","","","","","","","","","","","","","","","","","","","","","","","14.3","12.9","12.2","12.8","13.3","12.9","12.1","11.5","11.1","10.7","10.2","9.6","9","8.6","8.4","8.1","8.2","8.1","8.1","8.1","",
"Cote d'Ivoire","CIV","Suicide mortality rate (per 100,000 population)","SH.STA.SUIC.P5","","","","","","","","","","","","","","","","","","","","","","","","","","","","","","","","","","","","","","","","","14.1","13.3","12.7","12.4","12.1","11.5","11.6","11.5","10.6","11","11.4","11.1","11.3","11.1","10.5","10","9.6","9.2","9","8.9","",
"Cameroon","CMR","Suicide mortality rate (per 100,000 population)","SH.STA.SUIC.P5","","","","","","","","","","","","","","","","","","","","","","","","","","","","","","","","","","","","","","","","","10.7","10.8","10.6","10.8","10.7","11.4","11.7","11.4","11.2","11.1","10.8","10.8","10.6","10.4","10","9.5","9.2","9","8.9","9","",
"Congo, Dem. Rep.","COD","Suicide mortality rate (per 100,000 population)","SH.STA.SUIC.P5","","","","","","","","","","","","","","","","","","","","","","","","","","","","","","","","","","","","","","","","","7.9","7.7","7.7","7.7","7.6","7.5","7.4","7.2","7.1","7.3","7.2","7.1","6.9","6.8","6.7","6.6","6.5","6.5","6.7","6.7","",
"Congo, Rep.","COG","Suicide mortality rate (per 100,000 population)","SH.STA.SUIC.P5","","","","","","","","","","","","","","","","","","","","","","","","","","","","","","","","","","","","","","","","","14.5","12.4","11","10.1","10.2","9.7","9.6","9.3","8.9","9.3","9","8.7","8.9","8.2","7.5","6.8","6.7","6.6","6.5","6.5","",
"Colombia","COL","Suicide mortality rate (per 100,000 population)","SH.STA.SUIC.P5","","","","","","","","","","","","","","","","","","","","","","","","","","","","","","","","","","","","","","","","","5","4.9","4.7","4.6","4.5","4.1","4.1","4.1","4.2","4.1","3.8","3.7","3.8","3.7","3.8","4.1","4.2","4.7","4","3.9","",
"Comoros","COM","Suicide mortality rate (per 100,000 population)","SH.STA.SUIC.P5","","","","","","","","","","","","","","","","","","","","","","","","","","","","","","","","","","","","","","","","","6.3","6.2","5.9","5.8","5.5","5.4","5.4","5.3","5.4","5","5.6","5.1","5.2","5.2","5.5","5.5","5.5","5.4","5.4","5.4","",
"Cabo Verde","CPV","Suicide mortality rate (per 100,000 population)","SH.STA.SUIC.P5","","","","","","","","","","","","","","","","","","","","","","","","","","","","","","","","","","","","","","","","","12","12.1","12.3","12.4","12.8","13.2","13.1","13.5","14","14.4","14.8","14.8","14.9","14.6","14.4","14.4","14.4","14.2","13.4","12.9","",
"Costa Rica","CRI","Suicide mortality rate (per 100,000 population)","SH.STA.SUIC.P5","","","","","","","","","","","","","","","","","","","","","","","","","","","","","","","","","","","","","","","","","6.4","5.2","7","7.9","8.1","6.6","8.4","5.7","5.5","5.6","6.9","6.9","6.6","6.7","5.6","6.7","7.7","6.1","7.2","8.1","",
"Caribbean small states","CSS","Suicide mortality rate (per 100,000 population)","SH.STA.SUIC.P5","","","","","","","","","","","","","","","","","","","","","","","","","","","","","","","","","","","","","","","","","10.0902458423005","10.5244038161477","10.242119902779","9.68860510808507","9.535809187306","9.31182189284137","8.98550219330499","9.02866931215513","9.47640803222975","9.36092469305388","9.42087731393831","9.11256637737425","9.30277851579554","9.78358785701391","9.65019358792985","9.64935309609345","9.53574643854591","9.63446446201467","9.72597573002399","9.82628287062887","",
"Cuba","CUB","Suicide mortality rate (per 100,000 population)","SH.STA.SUIC.P5","","","","","","","","","","","","","","","","","","","","","","","","","","","","","","","","","","","","","","","","","17.2","15.3","14.7","13.8","13.9","12.9","12.7","12.2","12.9","13.7","14.4","14.1","13.8","13.9","13.4","14","13.4","14.5","14.3","14.5","",
"Curacao","CUW","Suicide mortality rate (per 100,000 population)","SH.STA.SUIC.P5","","","","","","","","","","","","","","","","","","","","","","","","","","","","","","","","","","","","","","","","","","","","","","","","","","","","","","","","","","","","","",
"Cayman Islands","CYM","Suicide mortality rate (per 100,000 population)","SH.STA.SUIC.P5","","","","","","","","","","","","","","","","","","","","","","","","","","","","","","","","","","","","","","","","","","","","","","","","","","","","","","","","","","","","","",
"Cyprus","CYP","Suicide mortality rate (per 100,000 population)","SH.STA.SUIC.P5","","","","","","","","","","","","","","","","","","","","","","","","","","","","","","","","","","","","","","","","","2","2.1","2.2","2.2","0.9","2.6","3.5","3.1","6.1","4.5","5.3","4.3","5.4","5.7","5.4","4.7","4.6","3.7","4.2","3.6","",
"Czech Republic","CZE","Suicide mortality rate (per 100,000 population)","SH.STA.SUIC.P5","","","","","","","","","","","","","","","","","","","","","","","","","","","","","","","","","","","","","","","","","16.3","16.2","15.4","17","16.3","15.8","14.5","14.1","14.2","15","15","16.1","16.7","15.7","14.8","13.6","13","13.9","13.6","12.2","",
"Germany","DEU","Suicide mortality rate (per 100,000 population)","SH.STA.SUIC.P5","","","","","","","","","","","","","","","","","","","","","","","","","","","","","","","","","","","","","","","","","14.5","14.5","14.6","14.4","14","13.3","12.8","12.4","12.5","12.8","13.2","13.2","12.9","13.4","13.4","13.3","13","12.6","12.9","12.3","",
"Djibouti","DJI","Suicide mortality rate (per 100,000 population)","SH.STA.SUIC.P5","","","","","","","","","","","","","","","","","","","","","","","","","","","","","","","","","","","","","","","","","7.2","7","7.3","7.4","7.5","7.6","7.5","7.5","7.6","7.8","8.2","8.5","8.7","9","9.2","9","9.3","9.7","9.7","9.6","",
"Dominica","DMA","Suicide mortality rate (per 100,000 population)","SH.STA.SUIC.P5","","","","","","","","","","","","","","","","","","","","","","","","","","","","","","","","","","","","","","","","","","","","","","","","","","","","","","","","","","","","","",
"Denmark","DNK","Suicide mortality rate (per 100,000 population)","SH.STA.SUIC.P5","","","","","","","","","","","","","","","","","","","","","","","","","","","","","","","","","","","","","","","","","15.6","15.8","14.9","13.6","14.2","14.8","14.7","12.6","13.1","12.9","11.8","12.6","12.8","12.1","12","10.9","10.9","11.3","11.4","10.7","",
"Dominican Republic","DOM","Suicide mortality rate (per 100,000 population)","SH.STA.SUIC.P5","","","","","","","","","","","","","","","","","","","","","","","","","","","","","","","","","","","","","","","","","3.9","3.9","4.1","4.4","4.5","4.8","4.7","4.8","4.8","4.9","4.7","4.9","5.2","5.5","6.1","6.4","6.4","5.7","5.2","4.9","",
"Algeria","DZA","Suicide mortality rate (per 100,000 population)","SH.STA.SUIC.P5","","","","","","","","","","","","","","","","","","","","","","","","","","","","","","","","","","","","","","","","","4.5","4.5","4.4","4.1","4","3.9","3.7","3.5","3.4","3.2","3","3","2.9","2.9","2.8","2.7","2.6","2.5","2.5","2.5","",
"East Asia & Pacific (excluding high income)","EAP","Suicide mortality rate (per 100,000 population)","SH.STA.SUIC.P5","","","","","","","","","","","","","","","","","","","","","","","","","","","","","","","","","","","","","","","","","11.5201552266512","10.4578031345648","9.95770672110057","10.33853673858","10.6672124682126","10.3062146855782","9.73196308921516","9.29398789097966","8.99760729865082","8.71029803557461","8.35605184872013","7.95700584235827","7.51409949790529","7.22394818743896","7.07737590369179","6.88903844533862","6.96485143135236","6.87738693249932","6.86948045415909","6.86209883328008","",
"Early-demographic dividend","EAR","Suicide mortality rate (per 100,000 population)","SH.STA.SUIC.P5","","","","","","","","","","","","","","","","","","","","","","","","","","","","","","","","","","","","","","","","","10.847024575402","10.6560040735128","10.4204343634235","10.0394112397758","9.93701041990295","10.0351023564325","10.0357863358003","9.9122468663653","9.86168539885717","9.59485823650711","9.56631528759945","9.57055792941515","9.35533578999506","9.08154375113718","8.69993107947965","8.46094495168835","8.34689950083398","8.30232319687811","8.4823218945933","8.47105731803597","",
"East Asia & Pacific","EAS","Suicide mortality rate (per 100,000 population)","SH.STA.SUIC.P5","","","","","","","","","","","","","","","","","","","","","","","","","","","","","","","","","","","","","","","","","12.3811403972816","11.396739754737","11.0483029194484","11.6092609955808","11.8310375978839","11.5478464916464","10.925991301592","10.6588007981306","10.3994424649956","10.2849272862283","9.91184579315544","9.5064546282922","8.90758792154905","8.62973644975627","8.39078534518683","8.13829815780701","8.08383900407206","7.94978666424466","7.97520193727405","7.89156346583294","",
"Europe & Central Asia (excluding high income)","ECA","Suicide mortality rate (per 100,000 population)","SH.STA.SUIC.P5","","","","","","","","","","","","","","","","","","","","","","","","","","","","","","","","","","","","","","","","","31.4590069443109","30.4443388262416","30.1247000578182","29.4708674842169","28.6364714927272","28.4041871600632","26.0090975311148","24.5946810606845","23.9199185981172","22.2818260809897","21.8520491002628","20.6443506755076","19.9432124654688","19.3427104990142","19.397651989558","18.272625939716","17.6504054330827","16.1455824751509","15.8942599802403","14.9634030430657","",
"Europe & Central Asia","ECS","Suicide mortality rate (per 100,000 population)","SH.STA.SUIC.P5","","","","","","","","","","","","","","","","","","","","","","","","","","","","","","","","","","","","","","","","","22.0305578035334","21.3853738431204","21.2546149254322","20.8512995132908","20.336368567497","20.0379565213857","18.7035684191126","17.8010259264279","17.7145680500444","17.1420215763022","16.8201287429206","16.340499585493","16.074489570502","15.8145868658754","15.6232163560353","14.9767840400455","14.3909428104468","13.6799111149175","13.4459655624026","12.8183694314581","",
"Ecuador","ECU","Suicide mortality rate (per 100,000 population)","SH.STA.SUIC.P5","","","","","","","","","","","","","","","","","","","","","","","","","","","","","","","","","","","","","","","","","6.4","6.9","7.9","8.5","9","9.9","10","10.2","10.5","10.5","9.9","9.8","10.1","9.6","8.8","8.8","9","9.2","8.1","7.6","",
"Egypt, Arab Rep.","EGY","Suicide mortality rate (per 100,000 population)","SH.STA.SUIC.P5","","","","","","","","","","","","","","","","","","","","","","","","","","","","","","","","","","","","","","","","","3.1","3.2","3.2","3.2","3.1","3.1","3.1","3.1","3.1","3.1","3.2","3.3","3.4","3.4","3.3","3.3","3.2","3","3","3","",
"Euro area","EMU","Suicide mortality rate (per 100,000 population)","SH.STA.SUIC.P5","","","","","","","","","","","","","","","","","","","","","","","","","","","","","","","","","","","","","","","","","13.9313235435739","13.6306635541489","13.8064132233734","13.7465007987441","13.2987012834585","12.8836759001978","12.4522292978406","12.0304667897139","12.3535807521792","12.5537457362612","12.4027383294416","12.5024680050355","12.5505148249714","12.5992719351822","12.2610686372767","12.0367986212854","11.6309399092471","11.6503516139716","11.4138017622132","11.1471947291334","",
"Eritrea","ERI","Suicide mortality rate (per 100,000 population)","SH.STA.SUIC.P5","","","","","","","","","","","","","","","","","","","","","","","","","","","","","","","","","","","","","","","","","14.5","14","13.7","12.8","13","13.1","13.2","12.9","13.3","13","12.7","12.5","12.3","12","11.7","11.6","11.5","11.3","11.3","10.9","",
"Spain","ESP","Suicide mortality rate (per 100,000 population)","SH.STA.SUIC.P5","","","","","","","","","","","","","","","","","","","","","","","","","","","","","","","","","","","","","","","","","8.6","8","8.3","8.5","8.5","8","7.5","7.4","7.8","7.6","6.9","7.1","7.7","8.5","8.6","7.9","7.8","8.2","7.8","7.7","",
"Estonia","EST","Suicide mortality rate (per 100,000 population)","SH.STA.SUIC.P5","","","","","","","","","","","","","","","","","","","","","","","","","","","","","","","","","","","","","","","","","29.1","30.3","29.3","26.3","26.5","22.6","20.9","21.4","19.4","23.3","18.8","18.2","21.1","18.9","19.5","15.9","15.7","18.7","15.3","14.9","",
"Ethiopia","ETH","Suicide mortality rate (per 100,000 population)","SH.STA.SUIC.P5","","","","","","","","","","","","","","","","","","","","","","","","","","","","","","","","","","","","","","","","","9.7","9.3","8.9","8.6","8.3","8.1","7.8","7.7","7.6","7.4","7.1","6.7","6.1","5.7","5.5","5.5","5.5","5.4","5.4","5.4","",
"European Union","EUU","Suicide mortality rate (per 100,000 population)","SH.STA.SUIC.P5","","","","","","","","","","","","","","","","","","","","","","","","","","","","","","","","","","","","","","","","","14.8681077319369","14.5328240425837","14.6954783728732","14.5275470173934","14.1754971497528","13.819436046924","13.3695476413401","12.8014084392495","13.2055503227252","13.5849582010866","13.4300516207853","13.3799584534428","13.5516319251937","13.4171836034635","12.9696013199973","12.6368760575182","12.0112606686159","11.9914277183705","11.7575625828075","11.3427680473233","",
"Fragile and conflict affected situations","FCS","Suicide mortality rate (per 100,000 population)","SH.STA.SUIC.P5","","","","","","","","","","","","","","","","","","","","","","","","","","","","","","","","","","","","","","","","","6.60385473673062","6.47135625745529","6.36726661917325","6.27517027882043","6.22528636439011","6.20811929422016","6.13638730478942","6.13079659762573","6.11377547475475","6.14688612446401","6.07989852904322","6.00256396172518","5.84862188800532","5.69815892710681","5.53836657623786","5.43091396007087","5.36205255996935","5.27185814928522","5.24752342219443","5.23551477869694","",
"Finland","FIN","Suicide mortality rate (per 100,000 population)","SH.STA.SUIC.P5","","","","","","","","","","","","","","","","","","","","","","","","","","","","","","","","","","","","","","","","","24.3","24.1","22","21.7","21.2","19.9","21","19.7","20.6","20.4","18.6","17.9","17","17.2","15.4","14","15.2","15.9","16.2","15.3","",
"Fiji","FJI","Suicide mortality rate (per 100,000 population)","SH.STA.SUIC.P5","","","","","","","","","","","","","","","","","","","","","","","","","","","","","","","","","","","","","","","","","10.6","10.4","10.1","9.7","9.4","9.5","9.2","9.4","9.6","9.7","9.6","9.8","10","10","9.7","9.4","9.4","9.3","9.1","9","",
"France","FRA","Suicide mortality rate (per 100,000 population)","SH.STA.SUIC.P5","","","","","","","","","","","","","","","","","","","","","","","","","","","","","","","","","","","","","","","","","20.2","19.5","19.8","20.1","19.5","19.1","18.5","17.9","18.2","18.4","18.2","18","17.8","17","15.6","15.8","14.9","14.6","14.2","13.8","",
"Faroe Islands","FRO","Suicide mortality rate (per 100,000 population)","SH.STA.SUIC.P5","","","","","","","","","","","","","","","","","","","","","","","","","","","","","","","","","","","","","","","","","","","","","","","","","","","","","","","","","","","","","",
"Micronesia, Fed. Sts.","FSM","Suicide mortality rate (per 100,000 population)","SH.STA.SUIC.P5","","","","","","","","","","","","","","","","","","","","","","","","","","","","","","","","","","","","","","","","","24","23.4","22.5","22.8","23.8","24.6","24.6","24.4","24.5","24.5","24.5","25.2","25.5","25.6","25.8","27","27","27.7","28.2","28.2","",
"Gabon","GAB","Suicide mortality rate (per 100,000 population)","SH.STA.SUIC.P5","","","","","","","","","","","","","","","","","","","","","","","","","","","","","","","","","","","","","","","","","13","12.2","11.2","11","10.1","10.2","10.6","10.4","11.3","10.2","10.1","10","8.9","8.6","9.8","9.6","9.2","8.8","8.6","8.4","",
"United Kingdom","GBR","Suicide mortality rate (per 100,000 population)","SH.STA.SUIC.P5","","","","","","","","","","","","","","","","","","","","","","","","","","","","","","","","","","","","","","","","","8.6","8.3","8.3","7.9","8.2","7.9","7.8","7.6","8.1","8","7.8","8.3","8.2","8.8","8.6","8.8","8.5","8.2","8.1","7.9","",
"Georgia","GEO","Suicide mortality rate (per 100,000 population)","SH.STA.SUIC.P5","","","","","","","","","","","","","","","","","","","","","","","","","","","","","","","","","","","","","","","","","7.4","6.9","8.2","6.6","7.4","6.2","6.2","6.1","7.5","8.5","8.3","8.7","9.2","9.8","10.3","10.5","10.7","9.6","9.4","9.2","",
"Ghana","GHA","Suicide mortality rate (per 100,000 population)","SH.STA.SUIC.P5","","","","","","","","","","","","","","","","","","","","","","","","","","","","","","","","","","","","","","","","","5.4","5.8","6.1","6.4","6.6","6.9","7","7.2","7.5","7.6","7.8","7.8","7.8","7.7","7.5","7.3","7.2","7","6.6","6.6","",
"Gibraltar","GIB","Suicide mortality rate (per 100,000 population)","SH.STA.SUIC.P5","","","","","","","","","","","","","","","","","","","","","","","","","","","","","","","","","","","","","","","","","","","","","","","","","","","","","","","","","","","","","",
"Guinea","GIN","Suicide mortality rate (per 100,000 population)","SH.STA.SUIC.P5","","","","","","","","","","","","","","","","","","","","","","","","","","","","","","","","","","","","","","","","","5.4","5.4","5.6","5.6","5.7","5.6","6","6.3","6.3","6.4","6.8","7","7.1","7.3","7.1","7.2","7.1","7","6.9","7","",
"Gambia, The","GMB","Suicide mortality rate (per 100,000 population)","SH.STA.SUIC.P5","","","","","","","","","","","","","","","","","","","","","","","","","","","","","","","","","","","","","","","","","5.6","5.7","5.8","5.8","5.9","5.8","5.7","5.7","5.6","5.5","5.3","5.4","5.3","5.3","5.3","5.1","4.9","4.9","4.8","4.8","",
"Guinea-Bissau","GNB","Suicide mortality rate (per 100,000 population)","SH.STA.SUIC.P5","","","","","","","","","","","","","","","","","","","","","","","","","","","","","","","","","","","","","","","","","9.5","9.3","9.1","8.8","8.8","8.4","8.4","8.4","8.4","8.5","8.4","8.2","8","8.1","7.8","7.3","7.3","7.3","7.2","7","",
"Equatorial Guinea","GNQ","Suicide mortality rate (per 100,000 population)","SH.STA.SUIC.P5","","","","","","","","","","","","","","","","","","","","","","","","","","","","","","","","","","","","","","","","","12.6","11.4","10.1","9.7","9.3","8.9","9.2","9","8.8","8.9","10","11.2","10","8.4","8.8","9.8","9.3","7.8","8.3","7.9","",
"Greece","GRC","Suicide mortality rate (per 100,000 population)","SH.STA.SUIC.P5","","","","","","","","","","","","","","","","","","","","","","","","","","","","","","","","","","","","","","","","","3.5","3.1","2.9","3.3","3.1","3.7","3.7","3","3.4","3.6","3.5","4.4","4.8","5","5.3","5","4.7","5.1","5.1","5.1","",
"Grenada","GRD","Suicide mortality rate (per 100,000 population)","SH.STA.SUIC.P5","","","","","","","","","","","","","","","","","","","","","","","","","","","","","","","","","","","","","","","","","1.9","0.4","3.2","2.4","4.6","3.1","5.1","2","2.4","0.7","0.9","1.7","1.7","1.2","0.6","0.7","1","0.6","0.3","0.7","",
"Greenland","GRL","Suicide mortality rate (per 100,000 population)","SH.STA.SUIC.P5","","","","","","","","","","","","","","","","","","","","","","","","","","","","","","","","","","","","","","","","","","","","","","","","","","","","","","","","","","","","","",
"Guatemala","GTM","Suicide mortality rate (per 100,000 population)","SH.STA.SUIC.P5","","","","","","","","","","","","","","","","","","","","","","","","","","","","","","","","","","","","","","","","","10.2","10.7","10.5","10.8","11","11.4","10.7","8.3","8","7.9","7.3","6.6","6.1","5.9","5.8","5.8","5.7","5.6","6","5.9","",
"Guam","GUM","Suicide mortality rate (per 100,000 population)","SH.STA.SUIC.P5","","","","","","","","","","","","","","","","","","","","","","","","","","","","","","","","","","","","","","","","","","","","","","","","","","","","","","","","","","","","","",
"Guyana","GUY","Suicide mortality rate (per 100,000 population)","SH.STA.SUIC.P5","","","","","","","","","","","","","","","","","","","","","","","","","","","","","","","","","","","","","","","","","31.4","34.7","34.5","33.2","32.5","30.9","30.7","30.9","30","32.9","33.3","32.6","35","38.2","37.2","37.3","37.9","38.5","39.5","40.3","",
"High income","HIC","Suicide mortality rate (per 100,000 population)","SH.STA.SUIC.P5","","","","","","","","","","","","","","","","","","","","","","","","","","","","","","","","","","","","","","","","","14.0257717917989","13.9396767748985","14.2626577830304","14.5854016085647","14.3677026383854","14.3151424375375","13.932998488016","14.0854332201293","14.372844865168","14.8309012677721","14.7014254083238","14.7157242412516","14.3907086350811","14.3475270682946","14.1248322540739","13.9590114076898","13.6432501089324","13.7498760445793","13.6271861277674","13.4234721252953","",
"Hong Kong SAR, China","HKG","Suicide mortality rate (per 100,000 population)","SH.STA.SUIC.P5","","","","","","","","","","","","","","","","","","","","","","","","","","","","","","","","","","","","","","","","","","","","","","","","","","","","","","","","","","","","","",
"Honduras","HND","Suicide mortality rate (per 100,000 population)","SH.STA.SUIC.P5","","","","","","","","","","","","","","","","","","","","","","","","","","","","","","","","","","","","","","","","","2.1","2.1","2.1","2.2","2.1","2.2","2.2","2.1","2.1","2","2","1.9","3.3","3.2","3.4","4","2","2.1","2","2.1","",
"Heavily indebted poor countries (HIPC)","HPC","Suicide mortality rate (per 100,000 population)","SH.STA.SUIC.P5","","","","","","","","","","","","","","","","","","","","","","","","","","","","","","","","","","","","","","","","","8.60275882247428","8.28183146236935","8.03545058362744","7.87938702529021","7.74001607771068","7.65835810171106","7.5833920854478","7.43812492661889","7.34958061450673","7.36483197505577","7.2695778407978","7.14561093107582","6.94639665228422","6.80258665443762","6.60449310993715","6.48097457411823","6.37343837180942","6.29051165057268","6.25548139617977","6.23223316417894","",
"Croatia","HRV","Suicide mortality rate (per 100,000 population)","SH.STA.SUIC.P5","","","","","","","","","","","","","","","","","","","","","","","","","","","","","","","","","","","","","","","","","20.8","19.7","19.5","19.7","20.2","20.1","18.3","18.1","18.4","18.3","18.3","16.4","18.4","16.5","17.3","17.6","16.4","15.7","16.4","16.4","",
"Haiti","HTI","Suicide mortality rate (per 100,000 population)","SH.STA.SUIC.P5","","","","","","","","","","","","","","","","","","","","","","","","","","","","","","","","","","","","","","","","","9.7","9.5","9.3","9.3","9","9.4","9.6","10","10.1","10.3","10.9","10.1","10","9.9","10","10","9.8","9.7","9.7","9.6","",
"Hungary","HUN","Suicide mortality rate (per 100,000 population)","SH.STA.SUIC.P5","","","","","","","","","","","","","","","","","","","","","","","","","","","","","","","","","","","","","","","","","33.4","29.8","28.6","28","27.5","26.4","24.9","25","25.4","25.4","25.5","25.1","24.8","22.1","20.4","19.9","18.7","17.5","17.7","16.6","",
"IBRD only","IBD","Suicide mortality rate (per 100,000 population)","SH.STA.SUIC.P5","","","","","","","","","","","","","","","","","","","","","","","","","","","","","","","","","","","","","","","","","14.1810138149079","13.4983964580057","13.0980975115956","12.9736714015601","12.9967282818012","12.9109279965126","12.3743696475908","11.9729146532153","11.7620383555179","11.3641323368818","11.1453103962149","10.8668256320307","10.4949244752855","10.1293229807632","9.81018999484732","9.48263201460823","9.37857235648744","9.22052339584471","9.33954516064358","9.24065627072004","",
"IDA & IBRD total","IBT","Suicide mortality rate (per 100,000 population)","SH.STA.SUIC.P5","","","","","","","","","","","","","","","","","","","","","","","","","","","","","","","","","","","","","","","","","12.7775826286139","12.1803394602668","11.8188032358073","11.6807270627292","11.6672036507978","11.5779378490486","11.148499069142","10.8131597877524","10.6275237857942","10.3030716230428","10.1064402983011","9.85773020135633","9.53717223288616","9.2307936392461","8.95120870963267","8.67495057220284","8.57393595550572","8.42989775443634","8.50001170591179","8.41461241640212","",
"IDA total","IDA","Suicide mortality rate (per 100,000 population)","SH.STA.SUIC.P5","","","","","","","","","","","","","","","","","","","","","","","","","","","","","","","","","","","","","","","","","7.57880233369368","7.3602046977736","7.20086207086197","7.07402175541473","6.99192352779121","6.95170363134563","6.95015444362883","6.8943028847155","6.8448687965774","6.81169701861361","6.73329199173999","6.62345112536707","6.50556590080234","6.4217408138774","6.2993279997186","6.21327109421321","6.15331560595682","6.082730882095","6.04191321689408","6.03059763120736","",
"IDA blend","IDB","Suicide mortality rate (per 100,000 population)","SH.STA.SUIC.P5","","","","","","","","","","","","","","","","","","","","","","","","","","","","","","","","","","","","","","","","","7.62064103637689","7.55788782735867","7.53036737199399","7.44519793449036","7.44217469141321","7.43695264197122","7.47790655846593","7.5130309651621","7.48601435303679","7.37269938547926","7.30444118661683","7.25039649642443","7.20548162294392","7.15551857576327","7.0319560003359","6.95307400031057","6.92092776700606","6.81652460597162","6.6901632822161","6.66493107327398","",
"Indonesia","IDN","Suicide mortality rate (per 100,000 population)","SH.STA.SUIC.P5","","","","","","","","","","","","","","","","","","","","","","","","","","","","","","","","","","","","","","","","","3.5","3.4","3.3","3.2","3.2","3","2.9","2.9","2.8","2.7","2.6","2.6","2.5","2.5","2.4","2.4","2.4","2.4","2.4","2.4","",
"IDA only","IDX","Suicide mortality rate (per 100,000 population)","SH.STA.SUIC.P5","","","","","","","","","","","","","","","","","","","","","","","","","","","","","","","","","","","","","","","","","7.55776696981744","7.26089108799201","7.03551259353843","6.88800268718733","6.766518462907","6.70892727361785","6.68614338935148","6.58466060385925","6.52373986571393","6.53038689161791","6.44630033133188","6.30773300046564","6.1525535698266","6.05106366193257","5.92869213794382","5.83857373165766","5.76422286459857","5.71061427563538","5.71313375692496","5.70892261139528","",
"Isle of Man","IMN","Suicide mortality rate (per 100,000 population)","SH.STA.SUIC.P5","","","","","","","","","","","","","","","","","","","","","","","","","","","","","","","","","","","","","","","","","","","","","","","","","","","","","","","","","","","","","",
"India","IND","Suicide mortality rate (per 100,000 population)","SH.STA.SUIC.P5","","","","","","","","","","","","","","","","","","","","","","","","","","","","","","","","","","","","","","","","","17","16.6","16.1","15.3","15.2","15.5","15.6","15.3","15.1","14.5","14.6","14.7","14.3","13.7","12.8","12.3","12.1","12","12.6","12.7","",
"Not classified","INX","Suicide mortality rate (per 100,000 population)","SH.STA.SUIC.P5","","","","","","","","","","","","","","","","","","","","","","","","","","","","","","","","","","","","","","","","","","","","","","","","","","","","","","","","","","","","","",
"Ireland","IRL","Suicide mortality rate (per 100,000 population)","SH.STA.SUIC.P5","","","","","","","","","","","","","","","","","","","","","","","","","","","","","","","","","","","","","","","","","12.7","13.2","12.2","12.1","11.9","11.8","10.9","11.5","12.2","14","11.9","12.5","12.4","11.4","11","9.3","10","10","9.9","9.6","",
"Iran, Islamic Rep.","IRN","Suicide mortality rate (per 100,000 population)","SH.STA.SUIC.P5","","","","","","","","","","","","","","","","","","","","","","","","","","","","","","","","","","","","","","","","","8","7.8","7.5","7","6.7","6.3","6","6.4","6.2","6.2","6.3","6.8","6.7","6.6","6.5","6.3","6.2","6","5.7","5.2","",
"Iraq","IRQ","Suicide mortality rate (per 100,000 population)","SH.STA.SUIC.P5","","","","","","","","","","","","","","","","","","","","","","","","","","","","","","","","","","","","","","","","","3.8","3.8","3.8","3.8","3.8","3.8","3.8","3.7","3.6","3.7","3.9","4.1","4.1","4.2","4.1","4.1","4","3.9","3.7","3.6","",
"Iceland","ISL","Suicide mortality rate (per 100,000 population)","SH.STA.SUIC.P5","","","","","","","","","","","","","","","","","","","","","","","","","","","","","","","","","","","","","","","","","13.1","12.8","12.2","12.5","12.4","11.8","12.5","14.8","14.8","14.3","12.8","11.6","13.5","13.9","15.7","14.3","13","12.2","10.8","11.9","",
"Israel","ISR","Suicide mortality rate (per 100,000 population)","SH.STA.SUIC.P5","","","","","","","","","","","","","","","","","","","","","","","","","","","","","","","","","","","","","","","","","6.8","6.4","5.9","6.4","6.1","6.7","5.5","5.2","5.3","6","6.7","5.7","6.1","5.2","5.1","4.5","5.2","5.1","5.4","5.3","",
"Italy","ITA","Suicide mortality rate (per 100,000 population)","SH.STA.SUIC.P5","","","","","","","","","","","","","","","","","","","","","","","","","","","","","","","","","","","","","","","","","7.5","7.3","7.4","7.4","7.2","6.7","6.7","6.7","6.9","7","6.9","7.4","7.6","7.5","7.2","7.1","6.6","7.1","6.7","6.7","",
"Jamaica","JAM","Suicide mortality rate (per 100,000 population)","SH.STA.SUIC.P5","","","","","","","","","","","","","","","","","","","","","","","","","","","","","","","","","","","","","","","","","1.9","1.9","1.8","1.7","1.6","1.5","1.5","1.8","2.2","2.3","1.9","2.2","2.1","2","2.2","2.2","2.2","2.3","2.3","2.4","",
"Jordan","JOR","Suicide mortality rate (per 100,000 population)","SH.STA.SUIC.P5","","","","","","","","","","","","","","","","","","","","","","","","","","","","","","","","","","","","","","","","","2.5","2.4","2.3","2.3","2.2","2","1.9","1.7","1.7","1.6","1.5","1.5","1.5","1.5","1.5","1.5","1.5","1.5","1.6","1.6","",
"Japan","JPN","Suicide mortality rate (per 100,000 population)","SH.STA.SUIC.P5","","","","","","","","","","","","","","","","","","","","","","","","","","","","","","","","","","","","","","","","","23.9","23.2","23.8","25.6","24.1","24.3","23.9","25","24.4","24.9","24.1","23.4","21.6","21.4","20.1","19.1","17.5","17","16.7","15.3","",
"Kazakhstan","KAZ","Suicide mortality rate (per 100,000 population)","SH.STA.SUIC.P5","","","","","","","","","","","","","","","","","","","","","","","","","","","","","","","","","","","","","","","","","38.7","39","38.2","39.2","39.7","39.2","38","38","34.6","30.3","29.9","28.7","27.6","26.3","24.2","23.2","21.7","20.8","19","17.6","",
"Kenya","KEN","Suicide mortality rate (per 100,000 population)","SH.STA.SUIC.P5","","","","","","","","","","","","","","","","","","","","","","","","","","","","","","","","","","","","","","","","","7.6","6.9","6.4","6.1","5.7","6","6","6.3","6.2","6","6","5.9","5.9","5.9","5.7","5.5","5.4","5.6","6","6.1","",
"Kyrgyz Republic","KGZ","Suicide mortality rate (per 100,000 population)","SH.STA.SUIC.P5","","","","","","","","","","","","","","","","","","","","","","","","","","","","","","","","","","","","","","","","","14.8","14.1","14","13.2","12.6","13.2","13.1","12.6","12.3","11.9","11.4","11.3","10.9","10.5","10.5","9.9","8.6","8.3","8","7.4","",
"Cambodia","KHM","Suicide mortality rate (per 100,000 population)","SH.STA.SUIC.P5","","","","","","","","","","","","","","","","","","","","","","","","","","","","","","","","","","","","","","","","","5","5.1","5.1","5.1","5.3","5.5","5.7","5.7","5.6","5.4","5.4","5.3","5.2","5.2","5.1","5.1","5.1","5","4.9","4.9","",
"Kiribati","KIR","Suicide mortality rate (per 100,000 population)","SH.STA.SUIC.P5","","","","","","","","","","","","","","","","","","","","","","","","","","","","","","","","","","","","","","","","","31.2","31.1","30.9","29.4","29.3","30.1","29.4","30.9","31.5","30.9","30.7","30.8","30","30.5","29.8","29.7","29.5","29.6","28.1","28.3","",
"St. Kitts and Nevis","KNA","Suicide mortality rate (per 100,000 population)","SH.STA.SUIC.P5","","","","","","","","","","","","","","","","","","","","","","","","","","","","","","","","","","","","","","","","","","","","","","","","","","","","","","","","","","","","","",
"Korea, Rep.","KOR","Suicide mortality rate (per 100,000 population)","SH.STA.SUIC.P5","","","","","","","","","","","","","","","","","","","","","","","","","","","","","","","","","","","","","","","","","14.5","15.6","19","24.1","25.4","26.7","23.7","26.7","28.6","34.2","34","34.5","30.2","30.6","29","28","27.2","25.8","28.6","28.6","",
"Kuwait","KWT","Suicide mortality rate (per 100,000 population)","SH.STA.SUIC.P5","","","","","","","","","","","","","","","","","","","","","","","","","","","","","","","","","","","","","","","","","3","2.6","2.8","2.6","2.7","2.6","2.7","2.6","2.9","2.7","2.5","2.3","2.4","2.4","2.5","2.6","2.6","2.7","2.8","2.9","",
"Latin America & Caribbean (excluding high income)","LAC","Suicide mortality rate (per 100,000 population)","SH.STA.SUIC.P5","","","","","","","","","","","","","","","","","","","","","","","","","","","","","","","","","","","","","","","","","5.09561260617082","5.35263561317634","5.35235231468122","5.32677110754756","5.28927039994995","5.39105900040487","5.34028753498358","5.335361295522","5.51925015360508","5.61039057141992","5.506152625669","5.70168235163255","5.74518239870227","5.8254934380915","5.95798291447042","6.02089385540964","6.01094525180907","6.39155670249257","6.3622708514997","6.21885440618153","",
"Lao PDR","LAO","Suicide mortality rate (per 100,000 population)","SH.STA.SUIC.P5","","","","","","","","","","","","","","","","","","","","","","","","","","","","","","","","","","","","","","","","","6.9","6.9","6.7","6.5","6.5","6.5","6.4","6.3","6.3","6.1","6","5.9","5.7","5.7","5.5","5.6","5.6","5.6","5.6","5.4","",
"Lebanon","LBN","Suicide mortality rate (per 100,000 population)","SH.STA.SUIC.P5","","","","","","","","","","","","","","","","","","","","","","","","","","","","","","","","","","","","","","","","","2.8","2.7","2.7","2.6","2.7","2.7","2.5","2.9","2.9","3","3","3","3","3","2.8","2.8","2.7","3","2.5","2.8","",
"Liberia","LBR","Suicide mortality rate (per 100,000 population)","SH.STA.SUIC.P5","","","","","","","","","","","","","","","","","","","","","","","","","","","","","","","","","","","","","","","","","5.1","4.8","4.8","4.8","4.8","4.7","4.8","4.9","4.8","4.8","4.9","5","5","4.9","4.9","4.5","4.5","4.5","4.4","4.5","",
"Libya","LBY","Suicide mortality rate (per 100,000 population)","SH.STA.SUIC.P5","","","","","","","","","","","","","","","","","","","","","","","","","","","","","","","","","","","","","","","","","4.9","5.1","5.2","5.1","4.4","4.3","4.2","4.9","5.4","5.7","5.6","5.1","5.7","4.8","6.3","5.6","5","5.5","5.8","4.5","",
"St. Lucia","LCA","Suicide mortality rate (per 100,000 population)","SH.STA.SUIC.P5","","","","","","","","","","","","","","","","","","","","","","","","","","","","","","","","","","","","","","","","","7.2","7.3","6.8","7.2","6.9","7.1","7.6","7.1","8","7.2","7.9","7.2","8.7","8.3","8.9","8.7","7.4","7.9","8","7.9","",
"Latin America & Caribbean","LCN","Suicide mortality rate (per 100,000 population)","SH.STA.SUIC.P5","","","","","","","","","","","","","","","","","","","","","","","","","","","","","","","","","","","","","","","","","5.35864105651554","5.59604006495002","5.58948656030521","5.51360802267966","5.46872292983604","5.54044099116178","5.47812455058331","5.50285427658024","5.68715221429825","5.76329609715577","5.65093885403873","5.84203858885297","5.83029764133846","5.83932763221228","5.95172385942582","6.02930874417831","6.03141925194478","6.36124505587295","6.32604114873164","6.19915238043627","",
"Least developed countries: UN classification","LDC","Suicide mortality rate (per 100,000 population)","SH.STA.SUIC.P5","","","","","","","","","","","","","","","","","","","","","","","","","","","","","","","","","","","","","","","","","7.65442629929588","7.34624692642508","7.11154709334107","6.96104788578485","6.83106025831819","6.76072522603226","6.75203860047239","6.61162391882833","6.56503582573237","6.54106219167887","6.44147837020493","6.28128822323897","6.10243075739794","5.98581464015692","5.85767574731201","5.77903089284179","5.72506227111735","5.67214047899762","5.68951480127094","5.69029372500785","",
"Low income","LIC","Suicide mortality rate (per 100,000 population)","SH.STA.SUIC.P5","","","","","","","","","","","","","","","","","","","","","","","","","","","","","","","","","","","","","","","","","8.01060117077851","7.7460360437587","7.5632695105097","7.41750164729974","7.30474506871343","7.22365661289174","7.13673422974977","6.99232332936778","6.92442216387423","6.92979620503208","6.83434724694584","6.73074483127669","6.56730012656482","6.4326511845244","6.28115924084331","6.20766020519537","6.15699064299858","6.0754326113622","6.0815772966901","6.0779338221564","",
"Liechtenstein","LIE","Suicide mortality rate (per 100,000 population)","SH.STA.SUIC.P5","","","","","","","","","","","","","","","","","","","","","","","","","","","","","","","","","","","","","","","","","","","","","","","","","","","","","","","","","","","","","",
"Sri Lanka","LKA","Suicide mortality rate (per 100,000 population)","SH.STA.SUIC.P5","","","","","","","","","","","","","","","","","","","","","","","","","","","","","","","","","","","","","","","","","26.7","21.8","21","20.9","21.8","28.6","18.3","20","17.5","22.7","21.9","17.9","16.6","15.2","13.1","15.1","14.8","14.4","14.2","14","",
"Lower middle income","LMC","Suicide mortality rate (per 100,000 population)","SH.STA.SUIC.P5","","","","","","","","","","","","","","","","","","","","","","","","","","","","","","","","","","","","","","","","","11.6778230332353","11.3236608353319","11.0130193553121","10.5713119560016","10.4806573647511","10.6132833296723","10.5160573091854","10.4085384287573","10.2660764850762","9.9337631783989","9.90480410398864","9.87907336964996","9.63930159170612","9.32284343549545","8.87978744626856","8.59676109382619","8.45511706914123","8.34404564320015","8.56098472595039","8.56295184676342","",
"Low & middle income","LMY","Suicide mortality rate (per 100,000 population)","SH.STA.SUIC.P5","","","","","","","","","","","","","","","","","","","","","","","","","","","","","","","","","","","","","","","","","12.7747868465445","12.1656764437064","11.7997043527212","11.6650583489256","11.6477699531371","11.5573658033608","11.1311177391724","10.7992782626675","10.6046248309807","10.2650928547681","10.0750354095166","9.82888673931478","9.50581842989729","9.20800067816188","8.93117986277953","8.66303621522888","8.57237878260931","8.4319177867206","8.50427740238972","8.42665087330394","",
"Lesotho","LSO","Suicide mortality rate (per 100,000 population)","SH.STA.SUIC.P5","","","","","","","","","","","","","","","","","","","","","","","","","","","","","","","","","","","","","","","","","28.6","27.3","29.2","31.9","33.5","33.6","40.3","45","57.8","63.3","65.4","69.5","79.1","87.6","92.6","92.4","87","78.3","76.6","72.4","",
"Late-demographic dividend","LTE","Suicide mortality rate (per 100,000 population)","SH.STA.SUIC.P5","","","","","","","","","","","","","","","","","","","","","","","","","","","","","","","","","","","","","","","","","15.6059597156448","14.5319982382118","14.0355982201592","14.2891581622988","14.4785724959501","14.1930832987308","13.2205185756331","12.6077626572077","12.2851077008101","11.9413185556606","11.5530189263348","10.9770825616366","10.504874580383","10.1312834365657","9.96956311193087","9.68364509047398","9.63117845165488","9.35814325972995","9.30264251152183","9.12523501166019","",
"Lithuania","LTU","Suicide mortality rate (per 100,000 population)","SH.STA.SUIC.P5","","","","","","","","","","","","","","","","","","","","","","","","","","","","","","","","","","","","","","","","","50.1","47.1","47","45.4","43.3","42.7","35.2","34.5","37.8","39.2","37.2","38.1","35","40.5","35.6","34.9","32.8","29.7","27.4","26.1","",
"Luxembourg","LUX","Suicide mortality rate (per 100,000 population)","SH.STA.SUIC.P5","","","","","","","","","","","","","","","","","","","","","","","","","","","","","","","","","","","","","","","","","16.1","16.7","16.1","15.3","12.1","13.4","15.2","14","13.4","11.3","12","11.9","11.3","11.3","12.7","12.2","10.2","9.8","10.6","11.3","",
"Latvia","LVA","Suicide mortality rate (per 100,000 population)","SH.STA.SUIC.P5","","","","","","","","","","","","","","","","","","","","","","","","","","","","","","","","","","","","","","","","","34.7","32.2","31.5","29.1","26.8","26.5","23.2","20.9","26.4","26.3","22.5","22.7","23.5","20.6","20.7","21.6","21.3","21.4","18.1","20.1","",
"Macao SAR, China","MAC","Suicide mortality rate (per 100,000 population)","SH.STA.SUIC.P5","","","","","","","","","","","","","","","","","","","","","","","","","","","","","","","","","","","","","","","","","","","","","","","","","","","","","","","","","","","","","",
"St. Martin (French part)","MAF","Suicide mortality rate (per 100,000 population)","SH.STA.SUIC.P5","","","","","","","","","","","","","","","","","","","","","","","","","","","","","","","","","","","","","","","","","","","","","","","","","","","","","","","","","","","","","",
"Morocco","MAR","Suicide mortality rate (per 100,000 population)","SH.STA.SUIC.P5","","","","","","","","","","","","","","","","","","","","","","","","","","","","","","","","","","","","","","","","","9.9","9.9","9.6","9.6","9.5","9.4","9.3","9.3","9.3","9.2","9.2","9.2","8.9","8","7.7","7.4","7.2","7.1","7.2","7.2","",
"Monaco","MCO","Suicide mortality rate (per 100,000 population)","SH.STA.SUIC.P5","","","","","","","","","","","","","","","","","","","","","","","","","","","","","","","","","","","","","","","","","","","","","","","","","","","","","","","","","","","","","",
"Moldova","MDA","Suicide mortality rate (per 100,000 population)","SH.STA.SUIC.P5","","","","","","","","","","","","","","","","","","","","","","","","","","","","","","","","","","","","","","","","","17.2","18.6","17.7","18.5","18.3","19.4","19.7","17.2","19.1","19.7","20.5","15.3","17","17","17.2","16.2","15.9","14.9","14.4","14.7","",
"Madagascar","MDG","Suicide mortality rate (per 100,000 population)","SH.STA.SUIC.P5","","","","","","","","","","","","","","","","","","","","","","","","","","","","","","","","","","","","","","","","","5.8","5.7","5.8","5.9","5.9","5.8","5.8","5.7","5.7","5.7","5.7","5.7","5.6","5.6","5.6","5.5","5.5","5.5","5.5","5.5","",
"Maldives","MDV","Suicide mortality rate (per 100,000 population)","SH.STA.SUIC.P5","","","","","","","","","","","","","","","","","","","","","","","","","","","","","","","","","","","","","","","","","3.8","3.7","3.5","3.5","2.9","3","3.1","3","3.1","2.9","2.7","2.6","2.6","2.6","2.7","2.8","3.1","3.1","2.9","2.7","",
"Middle East & North Africa","MEA","Suicide mortality rate (per 100,000 population)","SH.STA.SUIC.P5","","","","","","","","","","","","","","","","","","","","","","","","","","","","","","","","","","","","","","","","","5.25543278891502","5.22474766557219","5.09903712762052","4.96516431824636","4.84320809047602","4.76393322289238","4.66466140887715","4.75322481226768","4.74425806017373","4.76368603522858","4.84048269978036","4.96871553594714","4.97139632059344","4.85600958999123","4.78427762143252","4.63666155152474","4.5611537867603","4.45161151079749","4.42243983021394","4.30939395809768","",
"Mexico","MEX","Suicide mortality rate (per 100,000 population)","SH.STA.SUIC.P5","","","","","","","","","","","","","","","","","","","","","","","","","","","","","","","","","","","","","","","","","3.5","3.8","3.9","4","4","4.1","4","4.1","4.4","4.6","4.5","5.2","4.9","5.2","5.7","5.6","5.6","5.9","5.4","5.3","",
"Marshall Islands","MHL","Suicide mortality rate (per 100,000 population)","SH.STA.SUIC.P5","","","","","","","","","","","","","","","","","","","","","","","","","","","","","","","","","","","","","","","","","","","","","","","","","","","","","","","","","","","","","",
"Middle income","MIC","Suicide mortality rate (per 100,000 population)","SH.STA.SUIC.P5","","","","","","","","","","","","","","","","","","","","","","","","","","","","","","","","","","","","","","","","","13.1736600638433","12.5413882499174","12.1656253539121","12.0379827804606","12.0354405395664","11.9506725572513","11.499725228723","11.1565271747016","10.9557184009419","10.5883995917313","10.3940212456868","10.1383287406635","9.80348065326515","9.4930233109025","9.20710503123034","8.92231307394413","8.83110400105591","8.68802816696401","8.77160213125087","8.68993793315765","",
"North Macedonia","MKD","Suicide mortality rate (per 100,000 population)","SH.STA.SUIC.P5","","","","","","","","","","","","","","","","","","","","","","","","","","","","","","","","","","","","","","","","","9.3","12.8","9.7","9.1","10.6","8.6","9.7","9.4","9.4","9.7","7.1","7.4","10","9.7","9.3","9.2","9.3","9.3","9.4","9.4","",
"Mali","MLI","Suicide mortality rate (per 100,000 population)","SH.STA.SUIC.P5","","","","","","","","","","","","","","","","","","","","","","","","","","","","","","","","","","","","","","","","","4.8","4.7","4.7","4.6","4.5","4.6","4.5","4.6","4.6","4.6","4.5","4.5","4.5","4.5","4.4","4.3","4.2","4.1","4.1","4.1","",
"Malta","MLT","Suicide mortality rate (per 100,000 population)","SH.STA.SUIC.P5","","","","","","","","","","","","","","","","","","","","","","","","","","","","","","","","","","","","","","","","","6.8","7.2","5.7","5.4","5.9","5.6","6.8","5.5","6.4","6.9","7.5","6.8","6","6.8","7.1","7.2","5.8","5.5","6","6.1","",
"Myanmar","MMR","Suicide mortality rate (per 100,000 population)","SH.STA.SUIC.P5","","","","","","","","","","","","","","","","","","","","","","","","","","","","","","","","","","","","","","","","","4.7","4.4","4.4","4.3","4.2","4.1","4.1","3.9","3.6","3.6","3.5","3.4","3.3","3.3","3.2","3.2","3.2","3","2.9","2.9","",
"Middle East & North Africa (excluding high income)","MNA","Suicide mortality rate (per 100,000 population)","SH.STA.SUIC.P5","","","","","","","","","","","","","","","","","","","","","","","","","","","","","","","","","","","","","","","","","5.33411326788822","5.29728106531491","5.1680583579288","5.00084510322156","4.87254524479546","4.73845208606384","4.61448969913727","4.67796177079815","4.6231435061297","4.5912076774087","4.61903142438425","4.75233968897042","4.73926436351255","4.63252994653607","4.55733349801181","4.4384526858341","4.34983074776659","4.24177242616048","4.19464041674049","4.05730504412344","",
"Montenegro","MNE","Suicide mortality rate (per 100,000 population)","SH.STA.SUIC.P5","","","","","","","","","","","","","","","","","","","","","","","","","","","","","","","","","","","","","","","","","20.8","19.9","20.2","20.9","21.2","21.7","22.3","21","20.9","20.9","20.3","20.9","21","20.4","20.6","20.7","20.8","21.1","21.2","21","",
"Mongolia","MNG","Suicide mortality rate (per 100,000 population)","SH.STA.SUIC.P5","","","","","","","","","","","","","","","","","","","","","","","","","","","","","","","","","","","","","","","","","22","22.3","21.7","23.1","23.7","24","23.7","23.6","23.8","23.6","23.4","22.7","21.7","21","20","20","20.1","19.2","18.6","17.9","",
"Northern Mariana Islands","MNP","Suicide mortality rate (per 100,000 population)","SH.STA.SUIC.P5","","","","","","","","","","","","","","","","","","","","","","","","","","","","","","","","","","","","","","","","","","","","","","","","","","","","","","","","","","","","","",
"Mozambique","MOZ","Suicide mortality rate (per 100,000 population)","SH.STA.SUIC.P5","","","","","","","","","","","","","","","","","","","","","","","","","","","","","","","","","","","","","","","","","12.5","12.4","12.3","12.3","12.4","12.6","12.6","12.6","13.5","14.5","14.9","15.3","15.7","15.3","14.4","13.9","13.6","13.4","13.5","13.6","",
"Mauritania","MRT","Suicide mortality rate (per 100,000 population)","SH.STA.SUIC.P5","","","","","","","","","","","","","","","","","","","","","","","","","","","","","","","","","","","","","","","","","3.5","3.4","3.4","3.3","3.3","3.2","3.2","3.2","3.1","3.1","3.1","3","3.1","3.1","3.1","3","3","3.1","3.1","3.1","",
"Mauritius","MUS","Suicide mortality rate (per 100,000 population)","SH.STA.SUIC.P5","","","","","","","","","","","","","","","","","","","","","","","","","","","","","","","","","","","","","","","","","11.8","10.1","11.3","7.7","8.2","9","9.2","10.3","6.7","9.1","7.8","9","9.6","8.2","10.2","7.9","8.1","9.6","8.7","9.5","",
"Malawi","MWI","Suicide mortality rate (per 100,000 population)","SH.STA.SUIC.P5","","","","","","","","","","","","","","","","","","","","","","","","","","","","","","","","","","","","","","","","","10.8","9.8","8.8","8.2","7.8","7.2","7.5","7.8","7.6","8","8.2","7.3","6.8","6.4","6.3","6.2","6.1","5.9","5.6","5.4","",
"Malaysia","MYS","Suicide mortality rate (per 100,000 population)","SH.STA.SUIC.P5","","","","","","","","","","","","","","","","","","","","","","","","","","","","","","","","","","","","","","","","","4.7","4.5","4.5","4.7","4.7","4.6","4.5","4.4","4.5","4.6","4.5","4.6","4.6","4.4","4.6","4.8","5.1","5.4","5.4","5.7","",
"North America","NAC","Suicide mortality rate (per 100,000 population)","SH.STA.SUIC.P5","","","","","","","","","","","","","","","","","","","","","","","","","","","","","","","","","","","","","","","","","11.0882765577949","11.4785364499848","11.8098311996674","11.7688443965692","11.8803288356915","11.9295128005598","12.0114248061419","12.3114087694636","12.5817323371143","12.7209662676566","13.000956258576","13.1915356058525","13.3307069667749","13.3601249364287","13.8697977066911","14.2597693735794","14.7782951198771","15.6069646068178","15.323138538228","15.6582365625399","",
"Namibia","NAM","Suicide mortality rate (per 100,000 population)","SH.STA.SUIC.P5","","","","","","","","","","","","","","","","","","","","","","","","","","","","","","","","","","","","","","","","","19.3","18.8","18.7","18.2","16.7","17.8","17.7","17.3","14.1","13.1","12.9","11.4","10.2","10.2","10.9","11.6","10.7","10.9","9.9","9.7","",
"New Caledonia","NCL","Suicide mortality rate (per 100,000 population)","SH.STA.SUIC.P5","","","","","","","","","","","","","","","","","","","","","","","","","","","","","","","","","","","","","","","","","","","","","","","","","","","","","","","","","","","","","",
"Niger","NER","Suicide mortality rate (per 100,000 population)","SH.STA.SUIC.P5","","","","","","","","","","","","","","","","","","","","","","","","","","","","","","","","","","","","","","","","","5","5.1","5.1","5.2","5.1","5.3","5.2","5.3","5.2","5.3","5.3","5.4","5.5","5.5","5.5","5.4","5.3","5.3","5.3","5.3","",
"Nigeria","NGA","Suicide mortality rate (per 100,000 population)","SH.STA.SUIC.P5","","","","","","","","","","","","","","","","","","","","","","","","","","","","","","","","","","","","","","","","","4.9","4.9","4.8","4.8","4.8","4.8","4.7","4.7","4.6","4.5","4.4","4.4","4.2","4.1","3.9","3.7","3.7","3.6","3.5","3.5","",
"Nicaragua","NIC","Suicide mortality rate (per 100,000 population)","SH.STA.SUIC.P5","","","","","","","","","","","","","","","","","","","","","","","","","","","","","","","","","","","","","","","","","5.5","5.2","5","5.6","5.4","5.2","4.6","4.9","5.1","5","4.8","5.5","4.4","5.3","4.5","4.2","4.4","4.4","4.5","4.4","",
"Netherlands","NLD","Suicide mortality rate (per 100,000 population)","SH.STA.SUIC.P5","","","","","","","","","","","","","","","","","","","","","","","","","","","","","","","","","","","","","","","","","9.6","9.6","10","9.6","9.7","9.8","9.6","8.4","9","9.5","9.8","10.1","10.7","11.8","11.6","11.8","11.9","12.1","11.4","11.8","",
"Norway","NOR","Suicide mortality rate (per 100,000 population)","SH.STA.SUIC.P5","","","","","","","","","","","","","","","","","","","","","","","","","","","","","","","","","","","","","","","","","13.9","14.2","12.1","11.8","12.8","12.4","12.8","11.8","11.8","13","12.4","13.3","11.4","11.8","11.6","12.5","12.6","12.1","12","11.8","",
"Nepal","NPL","Suicide mortality rate (per 100,000 population)","SH.STA.SUIC.P5","","","","","","","","","","","","","","","","","","","","","","","","","","","","","","","","","","","","","","","","","8.5","8.1","8","7.8","7.7","7.9","7.7","8","8.3","8.5","8.7","8.9","8.9","8.7","8.5","8.5","8.5","8.7","8.8","9","",
"Nauru","NRU","Suicide mortality rate (per 100,000 population)","SH.STA.SUIC.P5","","","","","","","","","","","","","","","","","","","","","","","","","","","","","","","","","","","","","","","","","","","","","","","","","","","","","","","","","","","","","",
"New Zealand","NZL","Suicide mortality rate (per 100,000 population)","SH.STA.SUIC.P5","","","","","","","","","","","","","","","","","","","","","","","","","","","","","","","","","","","","","","","","","12.5","13.9","12.5","13.7","12.6","12.9","13.1","12.3","12.4","11.5","12.6","11.4","12.7","12.2","11.3","11.7","12.2","12.7","11.4","11","",
"OECD members","OED","Suicide mortality rate (per 100,000 population)","SH.STA.SUIC.P5","","","","","","","","","","","","","","","","","","","","","","","","","","","","","","","","","","","","","","","","","12.5431785782412","12.4683000475862","12.7116348044349","12.9999906097977","12.8021963444761","12.7286432734303","12.3856257110875","12.496988135501","12.7635345489662","13.170941033592","13.0313617198194","13.083921185908","12.7558690753915","12.7584801738402","12.6010311305612","12.4695492512027","12.1990420646359","12.3318470995955","12.1436163744805","11.947902781841","",
"Oman","OMN","Suicide mortality rate (per 100,000 population)","SH.STA.SUIC.P5","","","","","","","","","","","","","","","","","","","","","","","","","","","","","","","","","","","","","","","","","6.2","6.2","5.9","6.1","5.9","6","6.5","6.8","6.8","6.5","6.7","6.1","5.4","5.3","5.1","5","4.7","4.7","4.7","4.9","",
"Other small states","OSS","Suicide mortality rate (per 100,000 population)","SH.STA.SUIC.P5","","","","","","","","","","","","","","","","","","","","","","","","","","","","","","","","","","","","","","","","","15.72977718599","15.5437217279962","15.5957755156652","15.3431897117854","15.2920603815036","15.3496262250955","15.7019424596946","16.1279168624815","16.5838810373779","16.6743887507713","16.1658443553632","15.941210581031","16.4860682451064","16.4880455146668","16.6336060297538","16.0194320661879","15.2307332239896","14.5043676162698","13.9843131369362","13.5091117630432","",
"Pakistan","PAK","Suicide mortality rate (per 100,000 population)","SH.STA.SUIC.P5","","","","","","","","","","","","","","","","","","","","","","","","","","","","","","","","","","","","","","","","","8.8","8.9","9.1","9.1","9.2","9","9.2","9.1","9","8.8","8.8","8.7","8.8","8.9","8.9","9","9.1","9.1","8.9","8.9","",
"Panama","PAN","Suicide mortality rate (per 100,000 population)","SH.STA.SUIC.P5","","","","","","","","","","","","","","","","","","","","","","","","","","","","","","","","","","","","","","","","","5.4","5.7","5.3","5.9","5.8","5","5.7","4.9","5.4","4.8","4.2","3.8","3.6","3.4","4.1","2.9","3.3","3.2","2.9","2.9","",
"Peru","PER","Suicide mortality rate (per 100,000 population)","SH.STA.SUIC.P5","","","","","","","","","","","","","","","","","","","","","","","","","","","","","","","","","","","","","","","","","3.1","2.9","2.9","3","2.8","2.7","2.7","2.6","2.7","3.3","3.5","3.3","3.2","3.1","2.9","2.7","2.6","2.7","2.8","2.8","",
"Philippines","PHL","Suicide mortality rate (per 100,000 population)","SH.STA.SUIC.P5","","","","","","","","","","","","","","","","","","","","","","","","","","","","","","","","","","","","","","","","","1.8","1.5","1.7","1.8","1.8","1.9","2","1.9","2","2.3","2.4","2.7","2.4","2.4","2.3","2.3","2.2","2.2","2.2","2.2","",
"Palau","PLW","Suicide mortality rate (per 100,000 population)","SH.STA.SUIC.P5","","","","","","","","","","","","","","","","","","","","","","","","","","","","","","","","","","","","","","","","","","","","","","","","","","","","","","","","","","","","","",
"Papua New Guinea","PNG","Suicide mortality rate (per 100,000 population)","SH.STA.SUIC.P5","","","","","","","","","","","","","","","","","","","","","","","","","","","","","","","","","","","","","","","","","2.1","2.3","2.3","2.4","2.4","2.4","2.4","2.5","2.5","2.4","2.6","2.6","2.7","2.7","2.9","3","3","2.8","2.9","3","",
"Poland","POL","Suicide mortality rate (per 100,000 population)","SH.STA.SUIC.P5","","","","","","","","","","","","","","","","","","","","","","","","","","","","","","","","","","","","","","","","","17","17.2","17.3","17","17.6","17.7","17.1","15.7","17","19.2","18.6","18","18.5","18.2","17.4","15.9","13.8","13.3","12.7","11.3","",
"Pre-demographic dividend","PRE","Suicide mortality rate (per 100,000 population)","SH.STA.SUIC.P5","","","","","","","","","","","","","","","","","","","","","","","","","","","","","","","","","","","","","","","","","7.43095692060437","7.17475066051934","6.97692610717057","6.88038401278399","6.79290459432093","6.74879795145886","6.72692069981493","6.58122632933062","6.48542195836048","6.46934929480773","6.41433815239393","6.3589964264093","6.22427660019048","6.12859948404703","5.9177878458856","5.76793898891611","5.68286381224866","5.61409395175524","5.59543285133639","5.58518603493362","",
"Puerto Rico","PRI","Suicide mortality rate (per 100,000 population)","SH.STA.SUIC.P5","","","","","","","","","","","","","","","","","","","","","","","","","","","","","","","","","","","","","","","","","","","","","","","","","","","","","","","","","","","","","",
"Korea, Dem. People's Rep.","PRK","Suicide mortality rate (per 100,000 population)","SH.STA.SUIC.P5","","","","","","","","","","","","","","","","","","","","","","","","","","","","","","","","","","","","","","","","","9.8","9.5","9.5","9.2","9","8.9","8.9","9","9.4","9.4","9.5","9.7","9.7","9.9","10","10.5","10.4","9.8","9.3","9.4","",
"Portugal","PRT","Suicide mortality rate (per 100,000 population)","SH.STA.SUIC.P5","","","","","","","","","","","","","","","","","","","","","","","","","","","","","","","","","","","","","","","","","7.6","8.8","12.5","11.9","10.6","11.4","11.5","12.6","13.1","13.1","13.6","12.3","13.5","12.5","14.2","13.2","11.4","12","11.7","11.5","",
"Paraguay","PRY","Suicide mortality rate (per 100,000 population)","SH.STA.SUIC.P5","","","","","","","","","","","","","","","","","","","","","","","","","","","","","","","","","","","","","","","","","3.1","3.1","3.6","3.4","4.2","4.4","4.2","3.8","3.6","4.4","3.5","4.6","4.6","4.9","5.9","5.7","5.3","6.1","6","6","",
"West Bank and Gaza","PSE","Suicide mortality rate (per 100,000 population)","SH.STA.SUIC.P5","","","","","","","","","","","","","","","","","","","","","","","","","","","","","","","","","","","","","","","","","","","","","","","","","","","","","","","","","","","","","",
"Pacific island small states","PSS","Suicide mortality rate (per 100,000 population)","SH.STA.SUIC.P5","","","","","","","","","","","","","","","","","","","","","","","","","","","","","","","","","","","","","","","","","13.9275961013762","13.7344124065258","13.6077692273136","13.4546249149813","13.1403914909973","13.2859957371369","13.2824773376239","13.6827574030787","13.921927525656","13.9127511522126","14.0058292729414","14.1009786006509","14.176538816542","14.129477779692","13.9827984707437","13.922448644127","13.8793361172806","13.9055965146731","13.7666414208916","13.6550872729051","",
"Post-demographic dividend","PST","Suicide mortality rate (per 100,000 population)","SH.STA.SUIC.P5","","","","","","","","","","","","","","","","","","","","","","","","","","","","","","","","","","","","","","","","","15.7856148777272","15.5608776207594","15.8525300082978","16.0974142743554","15.8141011448964","15.7569348914526","15.2256996978766","15.3981058290177","15.6061752320788","15.7847974522408","15.6246309674077","15.5959399726793","15.2102044391848","15.174502815385","15.026446820561","14.8077706287673","14.5289730257842","14.6583866212191","14.6136053495332","14.4221861834809","",
"French Polynesia","PYF","Suicide mortality rate (per 100,000 population)","SH.STA.SUIC.P5","","","","","","","","","","","","","","","","","","","","","","","","","","","","","","","","","","","","","","","","","","","","","","","","","","","","","","","","","","","","","",
"Qatar","QAT","Suicide mortality rate (per 100,000 population)","SH.STA.SUIC.P5","","","","","","","","","","","","","","","","","","","","","","","","","","","","","","","","","","","","","","","","","7.8","8","7.8","7.4","7.2","6.8","6.8","8.4","8.3","8.4","8.2","8","7.4","6.7","6.3","6.1","6.1","5.8","5.8","5.8","",
"Romania","ROU","Suicide mortality rate (per 100,000 population)","SH.STA.SUIC.P5","","","","","","","","","","","","","","","","","","","","","","","","","","","","","","","","","","","","","","","","","12.9","12.3","14.2","13.5","12.7","12.3","12.9","11.6","11.7","12.2","13.2","12.1","12.6","12.2","11.3","11.5","10.2","10.1","10.2","9.7","",
"Russian Federation","RUS","Suicide mortality rate (per 100,000 population)","SH.STA.SUIC.P5","","","","","","","","","","","","","","","","","","","","","","","","","","","","","","","","","","","","","","","","","53.8","52.4","52","51.6","50.1","49.8","44.8","41.7","40.7","38.4","38.1","35.9","34.4","33.5","33.8","32","31","28.2","27.1","25.1","",
"Rwanda","RWA","Suicide mortality rate (per 100,000 population)","SH.STA.SUIC.P5","","","","","","","","","","","","","","","","","","","","","","","","","","","","","","","","","","","","","","","","","15.8","14","12.5","11","9.6","8.8","8.4","8","7.5","7","6.6","6.2","6","5.8","5.8","5.7","5.7","5.6","5.6","5.6","",
"South Asia","SAS","Suicide mortality rate (per 100,000 population)","SH.STA.SUIC.P5","","","","","","","","","","","","","","","","","","","","","","","","","","","","","","","","","","","","","","","","","14.9473350006566","14.5446922611529","14.1271775661246","13.4892913775364","13.4082006965405","13.6987348524919","13.6626713245622","13.4381804836588","13.2258594512123","12.8045132285366","12.8490211522618","12.8222835644328","12.4813758564969","11.9974419663682","11.2860216763799","10.9347663112744","10.7886330983359","10.7190181884044","11.1468222712369","11.2256803036165","",
"Saudi Arabia","SAU","Suicide mortality rate (per 100,000 population)","SH.STA.SUIC.P5","","","","","","","","","","","","","","","","","","","","","","","","","","","","","","","","","","","","","","","","","3.2","3.3","3.4","3.5","3.4","3.7","4","4.3","4.6","5","5.5","6.1","6.4","6.5","6.6","6.3","6.3","6.2","6.1","6","",
"Sudan","SDN","Suicide mortality rate (per 100,000 population)","SH.STA.SUIC.P5","","","","","","","","","","","","","","","","","","","","","","","","","","","","","","","","","","","","","","","","","4.3","4.2","4.2","4.1","4.1","4.2","4.1","4.1","4.1","4.1","4","4.1","4","4","3.9","3.9","3.9","3.8","3.9","3.8","",
"Senegal","SEN","Suicide mortality rate (per 100,000 population)","SH.STA.SUIC.P5","","","","","","","","","","","","","","","","","","","","","","","","","","","","","","","","","","","","","","","","","7.8","7.6","7.5","7.4","7.3","7.2","7","6.7","6.8","6.7","6.6","6.5","6.5","6.5","6.5","6.4","6.3","6.2","6.1","6","",
"Singapore","SGP","Suicide mortality rate (per 100,000 population)","SH.STA.SUIC.P5","","","","","","","","","","","","","","","","","","","","","","","","","","","","","","","","","","","","","","","","","12.4","11.3","12.4","12.1","11.7","11.2","11.7","10.7","10.4","10.5","9.9","9.6","11.3","10.3","10.2","9","9.1","9","9.4","11.2","",
"Solomon Islands","SLB","Suicide mortality rate (per 100,000 population)","SH.STA.SUIC.P5","","","","","","","","","","","","","","","","","","","","","","","","","","","","","","","","","","","","","","","","","14.4","14.1","14.3","14.6","13.8","14","14.1","15.2","15.8","15.8","15.7","15.7","15.6","15.4","15.3","15.2","15.1","15.1","15","14.7","",
"Sierra Leone","SLE","Suicide mortality rate (per 100,000 population)","SH.STA.SUIC.P5","","","","","","","","","","","","","","","","","","","","","","","","","","","","","","","","","","","","","","","","","5.7","5.9","6","6.1","6.1","6","6.5","6.4","6.5","6.6","6.8","6.5","6.6","6.3","6.2","5.9","6.2","6.3","6.6","6.7","",
"El Salvador","SLV","Suicide mortality rate (per 100,000 population)","SH.STA.SUIC.P5","","","","","","","","","","","","","","","","","","","","","","","","","","","","","","","","","","","","","","","","","6.2","6.8","5.3","6.5","6.8","7.8","6.6","7.9","6.8","8.6","6.1","8","6.8","6.4","5.8","6.9","5.7","6.1","6","6.1","",
"San Marino","SMR","Suicide mortality rate (per 100,000 population)","SH.STA.SUIC.P5","","","","","","","","","","","","","","","","","","","","","","","","","","","","","","","","","","","","","","","","","","","","","","","","","","","","","","","","","","","","","",
"Somalia","SOM","Suicide mortality rate (per 100,000 population)","SH.STA.SUIC.P5","","","","","","","","","","","","","","","","","","","","","","","","","","","","","","","","","","","","","","","","","9.1","8.9","8.9","8.9","9.1","8.9","8.7","8.4","8.5","8.5","8.2","8.1","8.1","8.1","8.1","8","7.9","8","8","7.9","",
"Serbia","SRB","Suicide mortality rate (per 100,000 population)","SH.STA.SUIC.P5","","","","","","","","","","","","","","","","","","","","","","","","","","","","","","","","","","","","","","","","","23.1","21.8","22.4","21.2","21.3","20.1","19.5","18.7","18","19.5","17.2","18","18.2","17.9","17","16.4","15.2","0.6","11.3","11.4","",
"Sub-Saharan Africa (excluding high income)","SSA","Suicide mortality rate (per 100,000 population)","SH.STA.SUIC.P5","","","","","","","","","","","","","","","","","","","","","","","","","","","","","","","","","","","","","","","","","9.24382563814241","8.98837288203368","8.86113707730159","8.76961029145363","8.62167050178694","8.53747192402312","8.44246727885063","8.41451461664962","8.50288594272512","8.47816045374976","8.2378061681908","7.98548631517359","7.82756706311298","7.72121657688941","7.52994353725496","7.38583956590665","7.25462796272752","7.1601153172929","7.0393891121292","6.97567968736649","",
"South Sudan","SSD","Suicide mortality rate (per 100,000 population)","SH.STA.SUIC.P5","","","","","","","","","","","","","","","","","","","","","","","","","","","","","","","","","","","","","","","","","4.3","4","3.9","3.9","3.9","3.9","3.9","3.9","3.8","3.7","3.7","3.6","3.7","3.6","3.5","3.6","3.7","3.7","3.8","3.9","",
"Sub-Saharan Africa","SSF","Suicide mortality rate (per 100,000 population)","SH.STA.SUIC.P5","","","","","","","","","","","","","","","","","","","","","","","","","","","","","","","","","","","","","","","","","9.24382029398125","8.98839804404214","8.861105891688","8.76963679063676","8.62174620746172","8.53745691509111","8.44243011368393","8.41442813908619","8.5028116727391","8.47805947707466","8.23776094296193","7.98547794493282","7.82755478869137","7.72121455320968","7.52997842831949","7.38589720191429","7.25469697739845","7.16021934875031","7.03949325846939","6.97577884359772","",
"Small states","SST","Suicide mortality rate (per 100,000 population)","SH.STA.SUIC.P5","","","","","","","","","","","","","","","","","","","","","","","","","","","","","","","","","","","","","","","","","14.3764225510942","14.3345921760611","14.3114040523249","14.0100411107759","13.9322049160807","13.9502366206357","14.1567107454966","14.5240890248837","14.9883712115647","15.0540845769628","14.7140028012147","14.5089424851656","14.9729714982577","15.0776705520378","15.167297301458","14.7140726889171","14.106266439122","13.5855377639633","13.2074587222999","12.8639458597863","",
"Sao Tome and Principe","STP","Suicide mortality rate (per 100,000 population)","SH.STA.SUIC.P5","","","","","","","","","","","","","","","","","","","","","","","","","","","","","","","","","","","","","","","","","1.4","1.5","1.6","1.3","1.5","1.3","1.5","1.6","1.6","1.5","1.5","1.4","1.5","1.5","1.5","1.5","1.5","1.5","1.5","1.5","",
"Suriname","SUR","Suicide mortality rate (per 100,000 population)","SH.STA.SUIC.P5","","","","","","","","","","","","","","","","","","","","","","","","","","","","","","","","","","","","","","","","","21.5","24.2","24.4","24.3","23.6","24.2","24.6","24.5","24.5","24.4","25.5","24.3","25.2","25.1","24.7","24.8","24.4","24.5","25.5","25.4","",
"Slovak Republic","SVK","Suicide mortality rate (per 100,000 population)","SH.STA.SUIC.P5","","","","","","","","","","","","","","","","","","","","","","","","","","","","","","","","","","","","","","","","","14.2","13.9","14.6","15","13.9","13.7","14.5","14","12.7","13.1","13.6","12.9","12.6","12.3","12.9","12.4","12.3","12.3","12.2","12.1","",
"Slovenia","SVN","Suicide mortality rate (per 100,000 population)","SH.STA.SUIC.P5","","","","","","","","","","","","","","","","","","","","","","","","","","","","","","","","","","","","","","","","","32","30.9","29.1","29.7","28.7","26.8","27.9","22.9","20.6","22.5","20.7","21.6","22","22.2","19.6","21","19","20.9","17.8","19.8","",
"Sweden","SWE","Suicide mortality rate (per 100,000 population)","SH.STA.SUIC.P5","","","","","","","","","","","","","","","","","","","","","","","","","","","","","","","","","","","","","","","","","15.1","16","15.5","14.4","14.8","15.7","15","14.5","15","15.7","14.7","14.2","15","15.9","14.8","15.7","14.6","15","14.9","14.7","",
"Eswatini","SWZ","Suicide mortality rate (per 100,000 population)","SH.STA.SUIC.P5","","","","","","","","","","","","","","","","","","","","","","","","","","","","","","","","","","","","","","","","","28.4","32.2","37.2","40.5","42.4","43.9","47.3","53.9","55","54.2","50.4","47","47.6","44.6","39.2","35.1","32.8","30.4","28.5","29.4","",
"Sint Maarten (Dutch part)","SXM","Suicide mortality rate (per 100,000 population)","SH.STA.SUIC.P5","","","","","","","","","","","","","","","","","","","","","","","","","","","","","","","","","","","","","","","","","","","","","","","","","","","","","","","","","","","","","",
"Seychelles","SYC","Suicide mortality rate (per 100,000 population)","SH.STA.SUIC.P5","","","","","","","","","","","","","","","","","","","","","","","","","","","","","","","","","","","","","","","","","9.2","9.2","8.6","9","9.3","8.4","8.1","7.6","7.8","7.5","7.8","7.9","7.7","7.7","7.9","8","8","8.3","8.2","8.1","",
"Syrian Arab Republic","SYR","Suicide mortality rate (per 100,000 population)","SH.STA.SUIC.P5","","","","","","","","","","","","","","","","","","","","","","","","","","","","","","","","","","","","","","","","","1.5","1.4","1.4","1.3","1.4","1.4","1.4","1.4","1.4","1.4","1.5","1.5","1.6","1.8","1.8","1.7","1.6","1.8","1.9","2","",
"Turks and Caicos Islands","TCA","Suicide mortality rate (per 100,000 population)","SH.STA.SUIC.P5","","","","","","","","","","","","","","","","","","","","","","","","","","","","","","","","","","","","","","","","","","","","","","","","","","","","","","","","","","","","","",
"Chad","TCD","Suicide mortality rate (per 100,000 population)","SH.STA.SUIC.P5","","","","","","","","","","","","","","","","","","","","","","","","","","","","","","","","","","","","","","","","","7.8","7.8","7.7","7.8","7.5","7.5","7.5","7.7","7.5","7.6","7.7","7.7","7.6","7.4","7.1","6.8","6.7","6.7","6.6","6.4","",
"East Asia & Pacific (IDA & IBRD countries)","TEA","Suicide mortality rate (per 100,000 population)","SH.STA.SUIC.P5","","","","","","","","","","","","","","","","","","","","","","","","","","","","","","","","","","","","","","","","","11.5421477440536","10.47004333033","9.96355653729517","10.3530924797364","10.6885266718009","10.3241783214411","9.74257593180112","9.29773114340079","8.99249541226808","8.70155688176933","8.34158584501137","7.93501079205969","7.4865733954351","7.19032060224215","7.04072959141507","6.84386050830903","6.92197691173819","6.84100112157322","6.83927638727523","6.83059890445193","",
"Europe & Central Asia (IDA & IBRD countries)","TEC","Suicide mortality rate (per 100,000 population)","SH.STA.SUIC.P5","","","","","","","","","","","","","","","","","","","","","","","","","","","","","","","","","","","","","","","","","30.070216825263","29.1652641266229","28.8834917015892","28.2705898528102","27.5777300063464","27.3773794443855","25.1480614133916","23.74874246596","23.2588541531706","21.9733591173347","21.5352221818426","20.374832585659","19.8043714718073","19.2179950252358","19.2083126322203","18.0662945440918","17.3161052387095","15.9041545342784","15.6334668664245","14.6731156485714","",
"Togo","TGO","Suicide mortality rate (per 100,000 population)","SH.STA.SUIC.P5","","","","","","","","","","","","","","","","","","","","","","","","","","","","","","","","","","","","","","","","","10","10.3","10.4","10.7","10.8","10.7","11","10.9","10.8","10.5","10.4","10.4","10.4","10.3","10.1","9.7","9.3","9","8.7","8.8","",
"Thailand","THA","Suicide mortality rate (per 100,000 population)","SH.STA.SUIC.P5","","","","","","","","","","","","","","","","","","","","","","","","","","","","","","","","","","","","","","","","","12","10.9","11","10.7","10.5","9.1","8.9","8.4","8.1","8","8.1","8","7.9","7.5","7.8","8","8.5","8.4","8.8","8.8","",
"Tajikistan","TJK","Suicide mortality rate (per 100,000 population)","SH.STA.SUIC.P5","","","","","","","","","","","","","","","","","","","","","","","","","","","","","","","","","","","","","","","","","3.8","3.6","3.5","3.4","3.5","3.6","3.6","3.7","3.8","3.9","4","4","4.1","4","4.1","4.1","4.3","4.2","4.2","4.3","",
"Turkmenistan","TKM","Suicide mortality rate (per 100,000 population)","SH.STA.SUIC.P5","","","","","","","","","","","","","","","","","","","","","","","","","","","","","","","","","","","","","","","","","12.5","13.5","14.1","14.3","14.3","15.1","15.1","13.2","11.4","9.4","8.5","7.6","7.1","7.1","6.8","6.3","6.2","5.8","5.7","5.7","",
"Latin America & the Caribbean (IDA & IBRD countries)","TLA","Suicide mortality rate (per 100,000 population)","SH.STA.SUIC.P5","","","","","","","","","","","","","","","","","","","","","","","","","","","","","","","","","","","","","","","","","5.10093620351705","5.3884461034513","5.39773753263426","5.3409250147637","5.29431508449321","5.38989093307943","5.3326158416331","5.37020900027215","5.54635430520322","5.60982633095201","5.48299761570516","5.68582584288407","5.68144852540371","5.69040970963906","5.81549837754397","5.8845083326523","5.89906460016512","6.21653432525761","6.18565942429894","6.05416229511049","",
"Timor-Leste","TLS","Suicide mortality rate (per 100,000 population)","SH.STA.SUIC.P5","","","","","","","","","","","","","","","","","","","","","","","","","","","","","","","","","","","","","","","","","3.6","3.6","3.4","3.4","3.1","3","2.7","2.6","2.4","3.1","3","3.2","3.3","3.3","3.4","3.5","3.6","3.6","3.6","3.7","",
"Middle East & North Africa (IDA & IBRD countries)","TMN","Suicide mortality rate (per 100,000 population)","SH.STA.SUIC.P5","","","","","","","","","","","","","","","","","","","","","","","","","","","","","","","","","","","","","","","","","5.33411326788822","5.29728106531491","5.1680583579288","5.00084510322156","4.87254524479546","4.73845208606384","4.61448969913727","4.67796177079815","4.6231435061297","4.5912076774087","4.61903142438425","4.75233968897042","4.73926436351255","4.63252994653607","4.55733349801181","4.4384526858341","4.34983074776658","4.24177242616048","4.19464041674049","4.05730504412344","",
"Tonga","TON","Suicide mortality rate (per 100,000 population)","SH.STA.SUIC.P5","","","","","","","","","","","","","","","","","","","","","","","","","","","","","","","","","","","","","","","","","4.2","4.2","4.2","4.2","4.2","4","4","4","3.9","4.3","4.6","4.5","4.5","4.6","4.6","4.6","4.1","4.2","4","3.8","",
"South Asia (IDA & IBRD)","TSA","Suicide mortality rate (per 100,000 population)","SH.STA.SUIC.P5","","","","","","","","","","","","","","","","","","","","","","","","","","","","","","","","","","","","","","","","","14.9473350006566","14.5446922611529","14.1271775661246","13.4892913775364","13.4082006965405","13.6987348524919","13.6626713245622","13.4381804836588","13.2258594512123","12.8045132285366","12.8490211522618","12.8222835644328","12.4813758564969","11.9974419663682","11.2860216763799","10.9347663112744","10.7886330983359","10.7190181884044","11.1468222712369","11.2256803036165","",
"Sub-Saharan Africa (IDA & IBRD countries)","TSS","Suicide mortality rate (per 100,000 population)","SH.STA.SUIC.P5","","","","","","","","","","","","","","","","","","","","","","","","","","","","","","","","","","","","","","","","","9.24382029398126","8.98839804404214","8.861105891688","8.76963679063677","8.62174620746172","8.53745691509111","8.44243011368393","8.41442813908619","8.5028116727391","8.47805947707466","8.23776094296193","7.98547794493282","7.82755478869137","7.72121455320968","7.52997842831949","7.38589720191429","7.25469697739845","7.16021934875031","7.03949325846939","6.97577884359772","",
"Trinidad and Tobago","TTO","Suicide mortality rate (per 100,000 population)","SH.STA.SUIC.P5","","","","","","","","","","","","","","","","","","","","","","","","","","","","","","","","","","","","","","","","","16.3","16.3","15.3","13.4","13.1","12.7","11.3","11.2","13.7","11.2","11.3","9.9","9.5","10.9","10.5","10.2","9.8","9.5","9","8.7","",
"Tunisia","TUN","Suicide mortality rate (per 100,000 population)","SH.STA.SUIC.P5","","","","","","","","","","","","","","","","","","","","","","","","","","","","","","","","","","","","","","","","","3.7","3.7","3.8","3.8","3.7","3.7","3.7","3.6","3.5","3.5","3.5","3.4","3.4","3.3","3.2","3.1","3.1","3.1","3.2","3.3","",
"Turkey","TUR","Suicide mortality rate (per 100,000 population)","SH.STA.SUIC.P5","","","","","","","","","","","","","","","","","","","","","","","","","","","","","","","","","","","","","","","","","4","3.6","3.2","3.1","3","2.8","2.7","2.5","2.4","2.4","2.4","2.2","2.2","2.3","2.3","2.3","2.3","2.3","2.3","2.4","",
"Tuvalu","TUV","Suicide mortality rate (per 100,000 population)","SH.STA.SUIC.P5","","","","","","","","","","","","","","","","","","","","","","","","","","","","","","","","","","","","","","","","","","","","","","","","","","","","","","","","","","","","","",
"Tanzania","TZA","Suicide mortality rate (per 100,000 population)","SH.STA.SUIC.P5","","","","","","","","","","","","","","","","","","","","","","","","","","","","","","","","","","","","","","","","","8.9","7.9","7","6.4","5.8","5.4","5.3","5.4","5.8","5.5","5","4.8","4.3","4.4","4.2","4.2","4.2","4.2","4.2","4.3","",
"Uganda","UGA","Suicide mortality rate (per 100,000 population)","SH.STA.SUIC.P5","","","","","","","","","","","","","","","","","","","","","","","","","","","","","","","","","","","","","","","","","10.2","9.8","9.4","9.4","9.5","9.7","9.4","8","7.1","6.8","6.3","6.3","5.7","5.2","4.8","4.7","4.7","4.4","4.4","4.6","",
"Ukraine","UKR","Suicide mortality rate (per 100,000 population)","SH.STA.SUIC.P5","","","","","","","","","","","","","","","","","","","","","","","","","","","","","","","","","","","","","","","","","39.1","36.7","36","34.5","33.8","33.8","30.8","31.5","30.9","26.3","24.5","23","23.1","22.6","24.4","21.6","21.4","20.6","21.9","21.6","",
"Upper middle income","UMC","Suicide mortality rate (per 100,000 population)","SH.STA.SUIC.P5","","","","","","","","","","","","","","","","","","","","","","","","","","","","","","","","","","","","","","","","","14.8484327888693","13.9172955181813","13.4801332459194","13.7262123744697","13.8416567357067","13.5185619793929","12.6635401400082","12.0497358562693","11.7867159879185","11.3841585536621","10.9939249947141","10.4589095568499","10.0080917234097","9.70673028032724","9.62117671233369","9.33718420156021","9.31366499106307","9.13260210868575","9.04588347228584","8.85666355685177","",
"Uruguay","URY","Suicide mortality rate (per 100,000 population)","SH.STA.SUIC.P5","","","","","","","","","","","","","","","","","","","","","","","","","","","","","","","","","","","","","","","","","16","14.5","19.8","15.6","15.3","14.8","15.5","17.4","15.1","15","16","16.8","17.8","15.8","17.4","18.6","21.1","20.8","21.2","21.2","",
"United States","USA","Suicide mortality rate (per 100,000 population)","SH.STA.SUIC.P5","","","","","","","","","","","","","","","","","","","","","","","","","","","","","","","","","","","","","","","","","11","11.4","11.8","11.7","11.9","11.9","12.1","12.4","12.7","12.8","13.1","13.4","13.5","13.5","14","14.4","15.1","15.9","15.7","16.1","",
"Uzbekistan","UZB","Suicide mortality rate (per 100,000 population)","SH.STA.SUIC.P5","","","","","","","","","","","","","","","","","","","","","","","","","","","","","","","","","","","","","","","","","10.1","10","9.7","9","8.6","9.1","8.8","8.6","8.5","8","8.1","8.5","8.9","8.9","9","9.2","9.1","8.8","8.6","8","",
"St. Vincent and the Grenadines","VCT","Suicide mortality rate (per 100,000 population)","SH.STA.SUIC.P5","","","","","","","","","","","","","","","","","","","","","","","","","","","","","","","","","","","","","","","","","5.7","5.2","6.6","5.8","5.1","9.9","6.2","8.4","4.2","2.6","3","5.6","5.4","3.9","1.4","3.3","0.7","0","1","1","",
"Venezuela, RB","VEN","Suicide mortality rate (per 100,000 population)","SH.STA.SUIC.P5","","","","","","","","","","","","","","","","","","","","","","","","","","","","","","","","","","","","","","","","","5.4","5.7","5.4","4.9","4.5","4.4","3.9","3.7","3.5","3.2","3.4","3.6","3.2","2.5","2.1","2.3","2.2","2.2","2.2","2.1","",
"British Virgin Islands","VGB","Suicide mortality rate (per 100,000 population)","SH.STA.SUIC.P5","","","","","","","","","","","","","","","","","","","","","","","","","","","","","","","","","","","","","","","","","","","","","","","","","","","","","","","","","","","","","",
"Virgin Islands (U.S.)","VIR","Suicide mortality rate (per 100,000 population)","SH.STA.SUIC.P5","","","","","","","","","","","","","","","","","","","","","","","","","","","","","","","","","","","","","","","","","","","","","","","","","","","","","","","","","","","","","",
"Vietnam","VNM","Suicide mortality rate (per 100,000 population)","SH.STA.SUIC.P5","","","","","","","","","","","","","","","","","","","","","","","","","","","","","","","","","","","","","","","","","6.1","6.1","6.1","6.1","6.3","6.3","6.4","6.7","6.9","6.9","7","7.2","7.4","7.5","7.6","7.7","7.7","7.7","7.6","7.5","",
"Vanuatu","VUT","Suicide mortality rate (per 100,000 population)","SH.STA.SUIC.P5","","","","","","","","","","","","","","","","","","","","","","","","","","","","","","","","","","","","","","","","","19.1","18.9","19.1","19","18.6","18.2","19.2","19.1","18.9","19.8","19.5","19","19.1","18.9","18.2","18.2","18","18.1","18.1","18","",
"World","WLD","Suicide mortality rate (per 100,000 population)","SH.STA.SUIC.P5","","","","","","","","","","","","","","","","","","","","","","","","","","","","","","","","","","","","","","","","","12.9595786265083","12.4415226878801","12.1903424779974","12.1284813145243","12.0732725911746","11.9865703247423","11.5650508993263","11.3114668942986","11.1937500336554","10.9817374952274","10.7991156466414","10.5915813627225","10.2631477483724","9.99965009366454","9.72637780577867","9.47188179533522","9.34164669575281","9.23599094403346","9.27347188207876","9.17173613148573","",
"Samoa","WSM","Suicide mortality rate (per 100,000 population)","SH.STA.SUIC.P5","","","","","","","","","","","","","","","","","","","","","","","","","","","","","","","","","","","","","","","","","13.7","13.7","13.4","13.2","12.8","12.9","13","12.9","12.8","11","12.8","12.8","12.7","12.1","12.8","12.7","12.8","12.6","12.6","12.6","",
"Kosovo","XKX","Suicide mortality rate (per 100,000 population)","SH.STA.SUIC.P5","","","","","","","","","","","","","","","","","","","","","","","","","","","","","","","","","","","","","","","","","","","","","","","","","","","","","","","","","","","","","",
"Yemen, Rep.","YEM","Suicide mortality rate (per 100,000 population)","SH.STA.SUIC.P5","","","","","","","","","","","","","","","","","","","","","","","","","","","","","","","","","","","","","","","","","6.1","6.1","5.9","5.9","6","5.9","5.8","5.8","6","5.9","5.7","5.6","5.7","5.7","5.7","5.5","5.7","5.6","5.9","5.8","",
"South Africa","ZAF","Suicide mortality rate (per 100,000 population)","SH.STA.SUIC.P5","","","","","","","","","","","","","","","","","","","","","","","","","","","","","","","","","","","","","","","","","22.4","23","24.3","25.1","24.6","24.4","23.6","24.6","26.7","26.7","24.6","22.4","22.9","23.7","24.1","24.5","24.4","25.2","24.1","23.5","",
"Zambia","ZMB","Suicide mortality rate (per 100,000 population)","SH.STA.SUIC.P5","","","","","","","","","","","","","","","","","","","","","","","","","","","","","","","","","","","","","","","","","13.3","12.4","12.1","11.6","12.2","11.9","11.7","10.3","9.7","9.8","10.1","10.3","9.4","9.1","9","8.7","8.5","8.5","8.1","7.3","",
"Zimbabwe","ZWE","Suicide mortality rate (per 100,000 population)","SH.STA.SUIC.P5","","","","","","","","","","","","","","","","","","","","","","","","","","","","","","","","","","","","","","","","","13.3","12.8","13.4","13.2","14.2","14","14.4","17.2","20.1","22.2","21.5","20.7","19.7","18.6","18.2","18","16.8","15","14","14.1","",
